linearVelRFoot,linearVelLFoot
0,0
3.59853492059924e-05,3.24802069355732e-05
7.84504716061573e-05,6.73214358236537e-05
0.000128403361867203,0.000108402190402269
0.000181620222596193,0.000154843736557255
0.000228978681637038,0.00020462956002609
0.000260760304113364,0.000255506031937219
0.000272936074346517,0.000302687720748282
0.000263767965796811,0.000343006411906732
0.000239588567471077,0.000377707357717404
0.000216816628748501,0.000408536789478963
0.00020615108010991,0.000437524366392071
0.000206892002568814,0.000468008025203812
0.000214581296396903,0.000501137410630441
0.000226742181245914,0.00053415651645802
0.000243676941794591,0.000566184483468815
0.000264963943029416,0.000600674385220949
0.00028831399251214,0.000638981116595637
0.000312384035548308,0.000677590616935602
0.000337380994654113,0.000711133191526919
0.000365827796636453,0.000736857677597247
0.000405591595285747,0.000755941680341452
0.000459865892833897,0.000769300808790175
0.000521691350545856,0.000778168551999926
0.000582124075615866,0.000784693667386978
0.000631161502594755,0.000787489424148895
0.00066257722007059,0.000783747207231882
0.000677815888049199,0.000773538394784441
0.000682748916936038,0.000758222799698106
0.000684184543127901,0.00073666974203728
0.000685862035749098,0.000705903606090766
0.00068697975584686,0.000665527092953821
0.000685603379288099,0.000616870481130625
0.000677081645053983,0.000560791840479378
0.00065357361206922,0.000500165480687309
0.000613284486628315,0.000441084643861659
0.000559516475522665,0.000390752940116476
0.000494405984267807,0.000353551256572901
0.000423443744297944,0.000328690936783104
0.000360565511759079,0.000314772333674835
0.000316221291570377,0.000310427833243117
0.000286752968016929,0.000310615296732921
0.000266142316885188,0.000309933527215151
0.000257225884376295,0.000309369928134663
0.000269221890714598,0.000315046478400435
0.000303134439438011,0.000330307563987409
0.000353407569501607,0.000353247843413498
0.000415957589902367,0.000380897143355691
0.000482678056594154,0.00041017483145903
0.000545829972556104,0.000436676269935204
0.000604590593403908,0.00045678900460968
0.000657947741669358,0.000468155462035732
0.000698156099437515,0.000470817600630013
0.000717658178411965,0.000467937728461905
0.00071638189795592,0.000461095803953702
0.000699324519985133,0.000448495023518869
0.000667632654057683,0.000432426643444522
0.0006203893566569,0.000418073047780253
0.000563909759475008,0.000405244056323675
0.000505348711537482,0.000390181435413966
0.000445503872370564,0.000368232994195309
0.000385118449872351,0.000338350362406806
0.000331812661721443,0.000306636483998788
0.000292400455677771,0.000278638024503743
0.000263965877329244,0.000259362014092188
0.000242042831368339,0.00025763242481714
0.00022860828072551,0.000279946323851074
0.000224836235631625,0.000321551498095185
0.00022434524886498,0.000367777184510542
0.000224394102587396,0.000407178117896039
0.000231925493209014,0.000436751490443777
0.000252338235528005,0.000455111716172535
0.000280913137661303,0.000459504429137708
0.000310328161922023,0.000447341620046697
0.000338390113574471,0.000420574444867782
0.000363885215778844,0.000386241737565346
0.000384648085192969,0.000349634761465719
0.000399940677192697,0.000313421293053688
0.000410276765962214,0.000282138688599797
0.000417354133301055,0.000264352508051859
0.000421465439880481,0.000270381165976257
0.000419691095228776,0.000304602196724635
0.000413375773698336,0.000360766601255177
0.000406622070920018,0.000426674842905472
0.000397931478038888,0.000491407455814776
0.000384930584066873,0.000549351537132591
0.000366710688580826,0.000596354787925839
0.00034094783051727,0.000628677813246116
0.000305744646959966,0.000645062137764383
0.000260168819439283,0.000649362111942365
0.000204743683199108,0.000643888853181991
0.000146271533740883,0.000625650125525962
9.79198149866949e-05,0.000596187044782305
8.48376239982367e-05,0.000555591819137388
0.000116711919702441,0.000502651493709572
0.00016272042465057,0.000443850563285044
0.000207595514153708,0.000386291266557186
0.000249724079299792,0.000334686063160597
0.000288612819349093,0.00029362273670033
0.000321492785262955,0.000268469988316666
0.000349809645917697,0.000263428899747044
0.000376673133924908,0.000275693643073257
0.000400730009195617,0.0002999298570039
0.000421725345363095,0.000332503523760308
0.000441409620532672,0.000365972520231901
0.000456340902810068,0.000392293735348672
0.000459271909253603,0.000409342522573897
0.000448027302375575,0.000420447951157718
0.000426412084627342,0.000431437222474209
0.000396941880959533,0.000447320833354961
0.000361299079074163,0.000470115555982363
0.000323533704527705,0.000499406890655417
0.0002874832677506,0.000534122218157568
0.000255826796997368,0.000571932213207753
0.000230624394521809,0.000608564758922858
0.000213293078753398,0.000640556262259762
0.000205644852870144,0.00066559379823467
0.000207490927334642,0.000682860236506853
0.000214125304389777,0.00069472420836421
0.000221057657533863,0.000705942707407738
0.000228458765394386,0.000719950518655219
0.000238247456466122,0.000737287138251369
0.000252593752694141,0.000756660237450837
0.000273159206332548,0.000775162390953033
0.000300881476557536,0.000789372989825326
0.000335810645372955,0.00079667690280437
0.00037410592886023,0.000795748096173393
0.000409989778216916,0.000785425794190618
0.000437810066821668,0.000764918427254472
0.000452295568920342,0.000734518709222648
0.00045164150780329,0.000694773925394493
0.000438380731368781,0.000646998648948962
0.000418923607871101,0.00059421315569104
0.000401228605107894,0.000539662986919427
0.000389586457735864,0.000486444420661426
0.000382452289010413,0.000439133757309939
0.000376383014677986,0.000401964262725005
0.000371095912745175,0.000376882801203357
0.000367797980206339,0.000363905459479161
0.000364516467816948,0.00036165693696636
0.0003571816326199,0.000370825106544852
0.000343249876073527,0.000393553105598206
0.000325297428965309,0.000425508154750882
0.000309112380905066,0.000458043389735709
0.000298243334877598,0.000482847251524378
0.00029248429011825,0.000492872230489535
0.000288150510733033,0.000485696284519275
0.000282309799932798,0.000465512465920095
0.000274096528409461,0.000438232627971337
0.000260094681491948,0.000403828770354181
0.000240838937541914,0.000359925343519632
0.000219277481775251,0.000310268130638909
0.000197007245601946,0.000261910086135829
0.000179404788558151,0.000218504679352834
0.000172480425776899,0.000183069983200125
0.00017469893377223,0.000161027382492028
0.000179759722021344,0.000154556851971608
0.000184764132533141,0.000161521157922366
0.000188485706057339,0.000181363705790128
0.000190941973958746,0.000211544676419672
0.000193373591207151,0.00024613174578083
0.000196759340414566,0.000283342122623148
0.000203648122930698,0.000321820228599762
0.000219132721912807,0.000357571265195593
0.000244622979658483,0.000388909968635078
0.000274012143065935,0.000418482141634176
0.000301986764848928,0.000447583079782454
0.000327779132712855,0.000472047885006657
0.000353055360547388,0.000488039604396232
0.000378980555314923,0.000493818700044374
0.000405303874717407,0.000487087550029497
0.000432025025884197,0.000468512021017817
0.000457328250493451,0.000443807681151686
0.000479353762817744,0.000422382834526882
0.000500107059566621,0.00041208696402339
0.000522722874685839,0.000411482090240624
0.000546981134992135,0.00041482069475809
0.000568358794487885,0.000419587813852857
0.000581240089994218,0.000427483421883343
0.000584260313708824,0.000441301994963595
0.00058227144142857,0.000460008299162016
0.000579748118346359,0.000478540849840192
0.000576387137016263,0.000490342212600198
0.000570754447449855,0.000491587073510443
0.000561887331388432,0.000485647599827069
0.000551856359013532,0.000480245109002501
0.000547936937413632,0.000478821440533016
0.000553840879600594,0.000478498420125448
0.000567185759309831,0.000476552774818449
0.000585596707658575,0.000473520311834919
0.000606127969165453,0.000469487307856593
0.000624324402321738,0.000464203045512262
0.000637010241097501,0.000458406729112298
0.000645573672375716,0.000452984712308373
0.000654108034663536,0.000449917939818011
0.000663815899869005,0.000447822680770138
0.000673923198718511,0.000442845259941512
0.00068543806951564,0.000434331533648449
0.000697978110773095,0.00042229808178065
0.000707061154639625,0.000410090085239253
0.000711075722612579,0.000403464687156296
0.000711347204196314,0.000402198174218302
0.000706925940703644,0.000401625484963795
0.000697750895070437,0.00039978468845255
0.000685182083468974,0.000400892984469875
0.000673845999294164,0.000407785272648853
0.000671217267972076,0.000416950348486145
0.00068111584935639,0.000426166511319294
0.000700012201199795,0.00043668449153739
0.000719832185672231,0.000449075827792915
0.000735748099952323,0.000464146231450701
0.000745102477654137,0.000482059078761791
0.000746410815560068,0.00049910972668228
0.000741640279712576,0.000511910606564627
0.00073212800325426,0.000521042314897644
0.000716996392727451,0.00052727801401701
0.000694854705505332,0.000532601984532853
0.000665061362764131,0.000540983502422086
0.000629894089404072,0.000551624809867027
0.000593262187166584,0.00056218738503051
0.000558620430908789,0.000573783370137473
0.00053146248958396,0.000585757269583234
0.000518667340328381,0.000596485245231287
0.000521163995821059,0.000605719467860592
0.000532103260537003,0.000611718285933484
0.000541916990592389,0.000611484256498481
0.000541408402471473,0.000602217742616589
0.00052564566950247,0.000583653288210566
0.00049711887027648,0.00055744790562613
0.00046446780535734,0.000526108722854181
0.000434838000209077,0.000490765933378679
0.000409521531244415,0.00044898075885029
0.000388455577780678,0.000401737360823077
0.000371903492978647,0.000356836082190492
0.000360660663641048,0.000321569737917981
0.000357281589326782,0.000295006679175148
0.000364024630656029,0.000272873589534023
0.000379495480728728,0.000255272397015095
0.00039608151582626,0.000245306114981064
0.00040708720757902,0.000245146387966034
0.000410595736287337,0.000256324099453649
0.000404882753769907,0.000282447430633687
0.000390486175049138,0.000324621355893563
0.000367794797118524,0.000377721195482725
0.000337991017214321,0.000435301353015735
0.000308553049352955,0.000494019809522812
0.000287076249129177,0.000554792835828156
0.000276470699766879,0.000619220231788943
0.00027609849499086,0.000688453167854548
0.00027899723977264,0.000759385239621981
0.000278043145915099,0.000822298589199466
0.000273501011588349,0.000870661631223742
0.000269321126886964,0.000904604597609344
0.000268665702291416,0.000922875976077293
0.000270284726752134,0.000919386962838235
0.000271674441888032,0.000894422938946815
0.000273610155307815,0.000855425184754102
0.000277322244676847,0.000806134220013716
0.000284703773585127,0.000746318068830211
0.000295637681070728,0.000677140660795102
0.000308304883925179,0.000602429720667802
0.000322233806201194,0.000525561331858731
0.000340675495930282,0.000452569950941095
0.000368879088927615,0.000391247685056252
0.000404638466601157,0.000345774595301254
0.000441325591486192,0.000317824871110658
0.000472376544661167,0.000306978905245
0.000495294812859583,0.000307546225799636
0.000516223966069341,0.000309511785922271
0.000539915159445421,0.000307785126181005
0.000564460898466228,0.000304383186142935
0.000586275937716083,0.000301749186023133
0.000600900481592991,0.000300909967393247
0.000603943900710775,0.000305300106104786
0.000592136618708161,0.000317839354815945
0.000565088926971538,0.000333892773635024
0.000526511709146028,0.000346392424806027
0.00048089588994396,0.000355462034047057
0.000434078025277173,0.000367949723832581
0.000391084203371577,0.000390904398312878
0.000353636377014456,0.000422431394500932
0.000322552723009863,0.000451509227943736
0.000296752374023923,0.000472146170240262
0.000276765420036022,0.000487305127100408
0.00026685939841832,0.000499771139379177
0.000267030593710225,0.000507958554580229
0.000270143686753152,0.000507216324477536
0.000269047430686192,0.000492632641849211
0.000263834318194068,0.000462233695087074
0.000257160610006625,0.000418757853846852
0.00024904164166795,0.000368133753378298
0.000241086527330729,0.0003174959669806
0.0002363052701959,0.000274608505314852
0.000235431295070089,0.00024849701734054
0.000238247015322707,0.000247243272993389
0.000247291016873278,0.000270781320605327
0.000264123971069598,0.000311728976728386
0.000287320460956195,0.000361807746156745
0.000317384862061727,0.000414581258640988
0.000354632236262518,0.000465081663536218
0.000393042294139009,0.000507374830090235
0.00042629220374652,0.000538303753223937
0.000452492928620065,0.000559575269377946
0.000471227107529917,0.000572758127408383
0.000482842533841519,0.000581558876963766
0.000489124148939992,0.000591700521970079
0.000492588795301671,0.000605671152434615
0.000493615742685179,0.000623801646462063
0.000488148014821495,0.000642552726502601
0.000470565331020175,0.000656542091840787
0.000440367499650703,0.000664316334529702
0.000403010386093631,0.000665153617521023
0.000367076896839084,0.000654159011755656
0.000340197392996557,0.000626923671317887
0.000323850956083322,0.000585647525622441
0.00031435680757296,0.000534933342273206
0.000308567076271791,0.000479195852382111
0.000305421285857392,0.00042321069658731
0.000305231003279379,0.000369582082151544
0.00030862836981675,0.00032142445744043
0.000314462125060832,0.000279791379849931
0.000324200855611393,0.000241402248623645
0.000341105109916963,0.000205190652700816
0.000362519271604465,0.000173778605859668
0.000384202248789678,0.000153937125429698
0.000405616450471206,0.00015356095678698
0.000426973224064518,0.00017032831299762
0.000449802905142952,0.000192689110138776
0.000475666189152046,0.000213584748105591
0.000504136463158149,0.000229583374065779
0.000532652343875433,0.000238510545279486
0.000558876642224027,0.000245811540323604
0.000579926693243533,0.000258177721704017
0.000590554271526187,0.000275348578023797
0.000588526408016169,0.000295834337878727
0.000575418913232711,0.000318583277874049
0.000555051567603279,0.000342776001925656
0.000532585191383532,0.000368637847901993
0.000512906906266052,0.000394748240152154
0.000496443787218699,0.000418835154158843
0.00047843466773531,0.000440480772035677
0.000457672763913558,0.000462609334684547
0.000438121397551863,0.000486836406995453
0.000421656207359404,0.000512057990824303
0.000407998139620109,0.000539646077988178
0.000397709949720151,0.000571372486847042
0.000391229549024847,0.000607981285644914
0.000387826078825177,0.000651173089451402
0.000386074942394251,0.000699445782060227
0.000383617395087084,0.000751070829758443
0.000377429171751434,0.00080600465484339
0.000368013051166474,0.000860370268952811
0.000359472523569862,0.000905291782834495
0.000355193834006681,0.000932260984626711
0.000353545125780903,0.000942634878418035
0.000348317575421235,0.000942857971823889
0.000336877021292984,0.000937095723472758
0.000322820628369166,0.000929318508327951
0.000310700914137619,0.000926587910994675
0.000303001506152929,0.000936178229620068
0.00030188032480015,0.000960999880378151
0.000308907652506424,0.00100180467601054
0.000323610924009387,0.00105598879129306
0.000345352161592247,0.00111854106529673
0.000371629033232578,0.00118537808439508
0.000398788301617249,0.001248274088979
0.00042431350038435,0.0012989846972552
0.000446471563501448,0.00133559188461359
0.000462091946570359,0.00135604316472859
0.000466346532194407,0.00135696374506526
0.000457650710478983,0.00133685566172703
0.000441872382933822,0.00129921987588106
0.000431500586372269,0.00125036885053041
0.000435649524668848,0.00119379088479386
0.000457407800691941,0.00113207877697373
0.000493480806265055,0.00106676035864846
0.000533249650521623,0.000998112042424305
0.000567927976711722,0.000926853831771138
0.000595230637058735,0.000855216241314471
0.000616438831729641,0.000789816111319864
0.000634692732402458,0.000738572557529479
0.000652199432202943,0.000704585823402767
0.000669020573795418,0.000685995696792949
0.000687487991205487,0.000677038670964979
0.000710481431187608,0.000670907086592617
0.000738586534635951,0.000663943976295727
0.000772675665940883,0.000655500206173275
0.000810717329002767,0.000643148246925515
0.000845939739023452,0.000623416251942839
0.000873549183030222,0.000597558719948851
0.000893347814181938,0.000568727801744815
0.000905784582239688,0.00053853363439159
0.000909762146613886,0.00050778903583384
0.000903466330290971,0.000476464777669054
0.000885171993164927,0.000444109047353467
0.000856173004523098,0.00041074207753183
0.000822190029368558,0.0003766557271053
0.000788166363924948,0.000344651815107871
0.000757203263045617,0.000321626852444734
0.000734913810871136,0.0003122935521678
0.00072382954470153,0.000315040004791227
0.000718399671247266,0.000326787559496505
0.000714979732555492,0.00034373010924792
0.000714176844386524,0.000359892856294087
0.000714805192790797,0.00037062670874969
0.000714686463778833,0.000376366064041869
0.000714106112083942,0.000381382029836525
0.000714624566879321,0.000387529041125717
0.000715763060310123,0.000396443729348595
0.000715207006219566,0.000409834999610818
0.000710342618481577,0.000424813666097286
0.000702845582727232,0.000439708386667979
0.000700186166542514,0.000459613872334572
0.000709430023655194,0.000491105026703924
0.00073191319860779,0.000533427428205418
0.000762902810332307,0.000579766114813981
0.000794679599918881,0.000622899923985951
0.000820618638241643,0.000657904808337467
0.000838638668936574,0.000685146530227323
0.000848313421366676,0.000706931522397345
0.000848765901878721,0.000724501834085301
0.0008429332389249,0.000737012341102891
0.000834561611881741,0.000740119893550881
0.000825242933671824,0.000732548371952908
0.000816716608146663,0.000717640688797646
0.000809056829619941,0.000695827199471478
0.000799508266352974,0.000667068851567271
0.000784105261371403,0.000632961567571559
0.000761855158086519,0.00059295406076128
0.000735712410605127,0.00054921095982915
0.000708593277815213,0.000507081880456454
0.000684624109484018,0.000471591826536665
0.000667091472711405,0.000446441430933286
0.000656167897736312,0.000432678690643689
0.000652910234694345,0.000429082367101781
0.0006576766462169,0.000430020901783911
0.000669089617358492,0.000429249420758084
0.000687078017970894,0.000422713725175806
0.000710047808171422,0.000407714712794013
0.000735401311885196,0.000385740276848937
0.000763706657669028,0.000364239524246932
0.000794319733973029,0.000356538982218945
0.000823690891776334,0.000373661699287041
0.000849364360937417,0.000415614370652272
0.000868920649142808,0.000473727210895147
0.00087877780665552,0.000538586859017087
0.000875959205790422,0.000602760839701624
0.00086052280786586,0.000659643298037975
0.000835812676622566,0.000702251759126608
0.000802997839029787,0.000725762213511367
0.000762386516943932,0.000730256358121071
0.000716677683332782,0.00071997477437507
0.000668158426314726,0.000701448146418686
0.000618070063179756,0.000680072761068067
0.00056621899314553,0.000659154621815647
0.000509565641599089,0.000643701982031889
0.000446835567135229,0.000638710973404009
0.000382890585912602,0.000644989489467156
0.000324878476621852,0.000660868525317575
0.000277583099178075,0.00068377342909746
0.000242483578375612,0.000709256339736718
0.000219484038348868,0.00073294332495919
0.000206763512061162,0.000753429009408279
0.000200991252930621,0.000771702379483607
0.000199820555892123,0.00079059590364202
0.000202495975158804,0.000812028790329057
0.000207084238877275,0.000834227239429513
0.000210827837062104,0.000856113986755327
0.000214179392080899,0.000881414343579894
0.000221697621377415,0.000911180380606526
0.000239658162525808,0.000940360932549795
0.000269048885626942,0.000967108970508201
0.000303880585592399,0.00099195717672118
0.000336783582100175,0.00101362329953686
0.000362945765992361,0.00103342777211647
0.000383903025085676,0.00105005924274849
0.000404349565443371,0.00105658604871375
0.000426215286427,0.00105284042210483
0.00045054385537011,0.00104596440662646
0.000477887561020177,0.00104037960402667
0.00050456103851218,0.00103817956193952
0.000525834516723534,0.00103884367350917
0.000540388837245696,0.00103828151754664
0.00054759452997141,0.00103491737428007
0.000548316940118236,0.00103013828608817
0.000547495277587288,0.00102168616175217
0.000549730320656765,0.00100716926787497
0.000557249782803267,0.000990748909823554
0.000570520416266663,0.000976674326987548
0.000586568044117229,0.00096109445608674
0.000600614129809667,0.000937857498211498
0.000609189535477381,0.000907063426266886
0.000610716806298141,0.000870520691797762
0.000605770331699542,0.000828269183983529
0.000597585510681567,0.000783253779971693
0.000589754498298368,0.000737647428211461
0.000583196516657937,0.000690186552651387
0.000576688607954944,0.000640896663669318
0.000567602994623968,0.000591727439448374
0.000552772176578458,0.000546614192889866
0.000532124888150979,0.000509595025332228
0.000507093068677343,0.00048304229255391
0.00047800708881795,0.00046602700099605
0.000447887026065511,0.000455950662304984
0.000420797149193249,0.000450738535784916
0.000397767952919781,0.000447653651553272
0.000377317927453322,0.000443875257451273
0.000355591891655777,0.000438085469635278
0.000331761717767337,0.000431330127111743
0.00030864322215825,0.000426027933740622
0.000287638069446688,0.000420214289616053
0.000266698630463672,0.00041343314349804
0.00024177376540172,0.000414218470007445
0.00021163396041441,0.000426019540699501
0.000178628778324431,0.000443007348363638
0.000141812893235371,0.000461516744352698
9.99813836984222e-05,0.000479687104815914
6.87975521421541e-05,0.000494853445107588
7.73549610425503e-05,0.000505381187290993
0.000112606134936906,0.000509352545061312
0.000152225104406727,0.000503778390747768
0.000188988339365297,0.000489984342459034
0.000222190640114094,0.000473570245886022
0.00025375699628468,0.000458868276545601
0.00028304217785938,0.000447785402843914
0.000309472217864442,0.000440188156150112
0.000333071343077829,0.000434773433525618
0.000355253697119905,0.000431168898311177
0.000381513299496702,0.000431953346149915
0.000415796440989281,0.000441011547406928
0.000451667244153873,0.000459270865131862
0.000476714726696021,0.000486089192677548
0.000484216661164711,0.000520198412160805
0.000478076590585098,0.000557242172386824
0.00046780364442552,0.000591836865267024
0.000456703635593208,0.000619729483242699
0.000438865938100099,0.000637424861214606
0.000409980129647763,0.000642553462178259
0.00037539998731834,0.000636923078249265
0.000343296337454575,0.000625228999608487
0.000316505988825769,0.000608847635774019
0.000293980423268904,0.000587638395421207
0.000274677817550329,0.000562959631773764
0.000261508818329633,0.000536502047161604
0.000259231898813482,0.000511995291946196
0.000269803425586232,0.000494573328055855
0.000290688688912637,0.000487026826673776
0.000316269334124204,0.000489524832268598
0.000343018226602846,0.000500173873818024
0.000369013629300289,0.00051583283951337
0.000390675320740242,0.000533963640366697
0.000408912268255929,0.000552413384831278
0.000433189066348542,0.000571840707064496
0.000471258344639021,0.000594437706564752
0.000520006793810118,0.000619269878347078
0.000571364601907712,0.000640919820530545
0.000618977594427326,0.000655923453967657
0.000659052610303508,0.000667681671499321
0.000690397561754101,0.000678439260368422
0.00071151061452388,0.000691117375304674
0.000721975554102217,0.000710382093447042
0.000726417912680685,0.000737076570195374
0.000729977923040267,0.000767885287807065
0.000738199535113883,0.000795510149526019
0.000756597877680524,0.000814062790465374
0.000783416648219239,0.000823037761483654
0.000812738288701113,0.000825148239659232
0.000840480060399199,0.000824453814832105
0.000863885945138229,0.000822827704236933
0.000881697771836215,0.000816690304827643
0.000894327616414845,0.000801760687142377
0.00090160441686828,0.000780118622659358
0.000904453606003377,0.000756759963578437
0.000906296138646252,0.000734064535243964
0.000907548657890944,0.00071429231306725
0.000905166728037034,0.000701062251455598
0.000898621388342743,0.000696673150387343
0.000891433761429608,0.000700644309133164
0.000885708438530022,0.000712838658913906
0.000880480545666089,0.00073371153901764
0.000874999463928209,0.000761468105938866
0.000868049849219394,0.000793366197740098
0.000858092747628773,0.000825018121235254
0.000843585500667666,0.000851072395949882
0.000823486348632134,0.000868006791904012
0.000797811665096701,0.000875016587779777
0.000767663582282258,0.000872833886961522
0.000735046528741431,0.000863357503906616
0.000702738574269853,0.000851484371333177
0.000672649680792243,0.000841823366521378
0.000646080587434606,0.000835298762524705
0.000625667783828099,0.000832297920530844
0.000611793318895317,0.000831492174362073
0.000601397366853539,0.000831382220426361
0.000592342496102934,0.000833535867908242
0.000585476056141657,0.000837548050296599
0.000582121167018918,0.000840058391443108
0.000581540608019916,0.000837099651291207
0.000579713064293561,0.000829599159277217
0.00057184875033318,0.000821771541086556
0.000556753217350705,0.000812153300492803
0.000536426113929917,0.000797948595545452
0.000513342016633355,0.00077703141193553
0.000491602823236068,0.000744871176719406
0.000474437708150299,0.000700923488189004
0.000461153873737735,0.000649917750635211
0.000450271400685131,0.000595979209023829
0.000439406815528852,0.000543648791877073
0.00042494096805627,0.000499213841737825
0.000406220819382328,0.000469492574258634
0.000387937109083338,0.000460640671979806
0.000377298311158266,0.000470730080064826
0.000375780722699271,0.000492780485276545
0.000377254182260159,0.00052226307905414
0.000376202426468555,0.000552667329798962
0.000371643257985243,0.000574590727483672
0.00036403058424717,0.000586042231084131
0.000354322050344306,0.000592382623633033
0.00034348712527768,0.000596797251563863
0.000332614680165153,0.000600165064600111
0.000323323922414588,0.000602967912083397
0.000317556139854933,0.000607751636373348
0.000317867750375058,0.000617209034557923
0.000324793310743907,0.000628450756304633
0.000337811336252762,0.000637564637458002
0.000355944536512412,0.000646505721165758
0.00037601829366786,0.000658314008654518
0.000395742231013012,0.000671566214187005
0.000416657597522868,0.000683614302395837
0.000441291536742909,0.000693323155579739
0.000469831939939403,0.000702691023370115
0.000500940897821694,0.000712569452681502
0.000532963021803432,0.000719853304032517
0.000563541542203097,0.000723536662023495
0.000590522973466345,0.000724765127279349
0.000614684811133512,0.00072386472909904
0.000635310124045213,0.000721575433870486
0.000648035091284894,0.000719125673537332
0.000650812334170905,0.000717727303736563
0.000646256262028582,0.000717773549851136
0.000638585057499027,0.000718054259393584
0.000628209418289745,0.00071594038852607
0.000614394688440737,0.00070756482235584
0.000600322018948597,0.000691005382985188
0.000588432403396602,0.000667574937468603
0.000577554775832853,0.00064010437003802
0.000564823307445848,0.000612309567588593
0.000548727672419501,0.000588432724985581
0.000529898806820028,0.000573174557945928
0.000508974277272432,0.000568633541603508
0.000486578740404176,0.000572802185675611
0.000465594062460922,0.00058250521582211
0.000448795001974804,0.000594360897735841
0.000435611135544121,0.000604309074918139
0.000424633275222054,0.000612490008282879
0.000412876523585551,0.000620395165098966
0.00039851653010807,0.000626143210202259
0.000383960886675004,0.000629035369736534
0.000371138958397464,0.000628981157338986
0.00035784035561544,0.000628354171917397
0.000342944914668727,0.000630575821178982
0.000330094985980355,0.000634329025102189
0.00032345442588383,0.000635372589047873
0.000324461410743272,0.000630276950981304
0.000332428619599631,0.000618895327172366
0.000347217066735394,0.000604218881137175
0.000372891328277934,0.000589812312114783
0.000409918694514247,0.000578090260549085
0.000451390025901759,0.000571360829896309
0.000490075613508998,0.000571614399147368
0.000521760031454934,0.000577066776232829
0.00054507310648879,0.000585052346748326
0.00055933264332444,0.000593440804314646
0.000565458670965198,0.00059873023212391
0.000565397632785189,0.000599642888887686
0.000559915335934241,0.000597252658869478
0.000550743754755283,0.000594691254432209
0.000541567363326848,0.00059689568053386
0.000536822348667108,0.000604283402564959
0.000539503994303272,0.000612884786086415
0.000551807035649235,0.000621282984159599
0.000577596142555657,0.000631621733947403
0.000615715415036073,0.000645179325753592
0.000658758411276643,0.000658751828616635
0.000701323011434403,0.00066822713278549
0.000740712446415898,0.000672706707812439
0.00077515085303379,0.000672701057517742
0.000805662854831083,0.000667597333337176
0.000834814024193135,0.000658464882736812
0.000861595179174905,0.000646772989324696
0.000883135470573493,0.000631086595122046
0.000899154841516444,0.000610719224149998
0.000910355575851708,0.000587277999234037
0.000916916797311486,0.000565381816591579
0.000917058295658232,0.000551089144214875
0.000906600035169959,0.00054928197542758
0.000886468694607697,0.000561457944988224
0.000862795764669229,0.000581891415527561
0.000839053596545882,0.000601844207519801
0.000814549868401791,0.00061568571359324
0.000787295725261931,0.000622930769948044
0.000759148708549907,0.000624985427328408
0.000734553513566946,0.000621909998525275
0.000714307287651819,0.000617519347867359
0.000695173159051511,0.000620770838055167
0.0006730208992243,0.000638527410963006
0.000649809737748743,0.000671592325856265
0.000633989507198124,0.000714650383248458
0.000628449617570061,0.000759013953330757
0.000629828958588529,0.000797239497509474
0.000635307554394396,0.00082527857870391
0.000639830397439243,0.000845189549334743
0.00063853025038163,0.000861469873063203
0.000632550156342469,0.00087683834873928
0.000626457551760877,0.000894436772751045
0.000624492020006939,0.000916448889784326
0.000628765719695161,0.000938885589763448
0.000639139512079525,0.000955736272857028
0.000654983187753055,0.000965944088554183
0.00067648785173229,0.000967847113010588
0.000701334029368483,0.000958965626990529
0.000722962532170302,0.000941778875017719
0.00073723920428303,0.000921078728343954
0.000746624025589735,0.000901221165537192
0.000756220021558725,0.000885683090912957
0.000768499917033129,0.000875972717254506
0.000784674434403534,0.000870238698610491
0.000807617836703921,0.000863374573199116
0.000835601967901951,0.000850125347855358
0.000863645332267779,0.000827649469784293
0.00089085088606723,0.000797888192404193
0.00091688308382087,0.000767919056692383
0.000940021619347058,0.000742967216016184
0.000957692535789503,0.000722736707969736
0.000966200581536969,0.000706158692228195
0.000963876336663889,0.000691314719533151
0.000952109002625681,0.000676595384930756
0.000932078413625638,0.000663096396969971
0.000904555590590584,0.000651705258507214
0.000874325044436656,0.000644017471154029
0.000845802182777047,0.000641251260472263
0.000817385541617082,0.0006435552334381
0.000787925583246374,0.000650312392655346
0.000760974495955389,0.000658958140053354
0.000738793178656171,0.000665228652068165
0.000718219561024814,0.000662971294821086
0.000694204282899685,0.000648962671790219
0.000664332669005806,0.0006257328749466
0.000630669194325268,0.000597658205844479
0.000599703982613124,0.000567495213961403
0.000577505637230913,0.000535465143454471
0.000565119291325327,0.000503110056293438
0.000562213958367316,0.000474333306239511
0.000569509073595931,0.000451164676725934
0.000586101748048548,0.000435437123664867
0.000610361813909208,0.000430808809346142
0.000640776889008775,0.000437971629170644
0.00067401406106087,0.000452495291731449
0.000707143840607231,0.000471853304077941
0.000740495735849932,0.000501027944066552
0.000773999778996375,0.000544277747433136
0.000804514836445283,0.000598253851922503
0.000828863234921728,0.000654891604875558
0.000844971506106773,0.000705249172348897
0.000851610436492402,0.000743460343325435
0.000849816512208645,0.000767782283519254
0.000839575838795138,0.000780320098247255
0.000817361215493791,0.000783679481049625
0.000783054260864419,0.00077958586233717
0.000742688382105185,0.000771281140954868
0.00070078442538626,0.000761188814612666
0.000658355356904699,0.000750314698054916
0.000617652157235517,0.000741140273124008
0.000582126759215528,0.000735385774750823
0.000555267754239999,0.000732981877853589
0.00054085688504975,0.000734765138713374
0.000540428246365588,0.000741109452206834
0.000550194290747917,0.000751154322934475
0.00056449795493575,0.00076311800746473
0.000579677062754346,0.000775136397262106
0.000591316899017003,0.00078712090530917
0.00059614041739821,0.000800683937147948
0.000594309525822749,0.000815290995381036
0.000588583441991861,0.000827906017021166
0.00058229257800548,0.000837711303615217
0.000577176959619506,0.00084521931405824
0.000573596350904038,0.000850711012824281
0.00057300740236362,0.000856124785392831
0.000579343469077829,0.000865205222395254
0.000594448264399556,0.000879473432943995
0.000618319083913586,0.000896128893275979
0.00065165158303424,0.000909640026933461
0.000693835134674108,0.000915041180159786
0.000742829902915486,0.000911727843433049
0.000794286129096245,0.000903435108149563
0.000840566530244781,0.000897050414500719
0.000876094390658959,0.000898502590629133
0.000900357019682443,0.000909160578047299
0.000914989474964197,0.000926173858036673
0.000923771902804986,0.000945156131748069
0.000931760904655457,0.000963600381947943
0.000940990943108706,0.000980003341281546
0.000949557952452694,0.000991991701885109
0.000951145005374552,0.00099645417197938
0.000941233578909081,0.00099019717038908
0.000923149828575386,0.00097387439152156
0.000902213956628525,0.000952530585205495
0.00088252892286857,0.000928559322485956
0.000867524157702207,0.000899773515596065
0.000859876824871583,0.000864855907750215
0.000862649715805181,0.000826152126753735
0.000875314103323501,0.000787965872740879
0.000892668575207357,0.00075324795023684
0.000911407378277221,0.000723409526496055
0.000931320913885089,0.000698990204961206
0.000953073922347356,0.000677272943683018
0.000976927052618018,0.000656111173901709
0.00100327074332358,0.000635580821434823
0.00103377444877049,0.000616995967249316
0.00106902417428637,0.00060471201728377
0.00110829007676992,0.000599892591588437
0.00114953058925088,0.000600457094388592
0.00118784832125026,0.000604132400267745
0.00121728574432091,0.000606088780446956
0.00123271208778437,0.000603476682248432
0.00123237994108066,0.000596729237984259
0.00122143456713108,0.000585572494618161
0.00120572872464731,0.000571541196178836
0.00118643899099005,0.00055948545475894
0.00116359427338784,0.000552484423442716
0.00113923389956583,0.000549779421196015
0.00111494427504167,0.000548524016715396
0.00109098785875632,0.000546363824523496
0.00106881602158652,0.000543096254539364
0.00105078042037753,0.000537059047117
0.00104060030027688,0.000527478054922056
0.00104068013877001,0.000515613766650676
0.00104874646820017,0.000500092219108456
0.00105790020153385,0.000480972562600333
0.00106287230745889,0.000462054785384339
0.00106360393022457,0.000449289615936173
0.00106063357228476,0.000451404951618632
0.00105550943535092,0.000470677147078841
0.00104979601280079,0.000501214776699205
0.00104165979586366,0.000540491267519194
0.00102854100228036,0.00058819919414088
0.00101020529764158,0.000642454754754401
0.000988127629411479,0.000701697541866067
0.000964474864645009,0.000761737169739546
0.000941027257835791,0.000814194145579621
0.000917694906436422,0.000854644860621158
0.000893037268779514,0.000884549197623378
0.000866807077480559,0.000903980999945568
0.000843346865187692,0.000912055830857824
0.000826882980738667,0.000909073116614755
0.000814103894517945,0.000896850139407532
0.00080035582345827,0.000879559960700578
0.000785236527325385,0.00086002931743714
0.000768160045027186,0.000836640643548774
0.000747617252089315,0.000808704315566886
0.000722064604604895,0.000781781932036762
0.000689864818737247,0.000761108572058764
0.000651048479108512,0.000747421533425692
0.000609604445312337,0.000740005274248682
0.000573514139933528,0.000736528094747763
0.000548423496927905,0.000734967957024391
0.000532183322669847,0.000733823795021303
0.000518813060350908,0.000730320815774783
0.000505733593387001,0.000723563677642066
0.000493139411039468,0.000716092117026296
0.000482475076335473,0.00071285136338188
0.000476252718419528,0.000720880472055131
0.000476351617354241,0.000742495333664201
0.000483091788665285,0.000770257322597243
0.000493793529560155,0.000793936983644841
0.000504974283055906,0.000807930687233196
0.000514840512910284,0.000812530288824157
0.00052350661315819,0.000810031641612575
0.000533317468715469,0.000802188949853892
0.000548345519821209,0.000792064821829285
0.000572100027118389,0.000780109484283387
0.000606859484309207,0.00076415552927909
0.00065231441813707,0.000745532027851856
0.000704021887324238,0.000728563656835427
0.000755414659260206,0.000716273291489859
0.000801564672902825,0.000710306408411547
0.000840991227731485,0.000712862127938763
0.000875527508030521,0.000723841981835935
0.000907191554037705,0.000741252130181297
0.000935184538328261,0.00075929535945595
0.000957605082296756,0.000767052809158218
0.000974476121870045,0.000760766628990855
0.000986172933566325,0.000749230273673634
0.000993589306743315,0.000737010288254912
0.00100331366432843,0.000717715787265098
0.00102207192358332,0.000687981339395227
0.00105022912462288,0.000649791072685908
0.00108380236460979,0.000602975364099249
0.0011192299994425,0.000550011597313993
0.00115519320779149,0.000499230355182253
0.00118786087562686,0.000456208195943673
0.00121144382753025,0.000421613824663498
0.00122418110203628,0.0003947450595946
0.00122604652788355,0.000375556566391844
0.00121682009388583,0.000363662189470097
0.00119840000980468,0.000360501623964173
0.00117383293085968,0.000369866639628371
0.00114569545235563,0.000390916500830935
0.0011170543565218,0.000420561089833626
0.00109298545562529,0.000455980331802025
0.00107587083145123,0.000494106921190732
0.0010640893420272,0.000530874592629927
0.00105601985495444,0.000561249502437788
0.00105137004892041,0.000581057040968342
0.0010495729491662,0.000590362763412112
0.00104994123628973,0.000594210774448715
0.00105375989316906,0.000595842816311052
0.0010631758818064,0.000593697977562063
0.00107584735158856,0.000588445050180811
0.00108491015096474,0.000584840593929579
0.00108654972824172,0.000584512978057706
0.00108013822768405,0.00058685692957589
0.00106590231013388,0.000594103988812855
0.0010469429217999,0.000607407327518032
0.00102717153513217,0.000622153995796585
0.00100737730159161,0.00063330983819775
0.000986726365029717,0.000641329948912401
0.000966729634230104,0.000650373882668104
0.000951140367725729,0.000661717113698227
0.00094090010761036,0.000676977126190716
0.000934672098746282,0.000701313778311643
0.000932902605049885,0.000735077709077077
0.000937190912683182,0.000776015761303034
0.000950408643824611,0.000822452571685376
0.000973864236796666,0.000868598209088588
0.00100549310139682,0.000908038970673004
0.00104124637226674,0.000937304388958533
0.00107552743801041,0.000955941425281456
0.00110402813395079,0.000966980559917099
0.00112235828191782,0.00097360512119299
0.00112968708926743,0.000978448586502951
0.00113007197430728,0.00098285844257142
0.0011217512353912,0.000987408072924395
0.00110090638681945,0.000993997466255697
0.0010700652594895,0.00100192897781813
0.00103280173962298,0.00101052567097216
0.000990417991121159,0.00102323771421666
0.000946757353042314,0.00103943438019247
0.000906982934720466,0.0010508976595353
0.000870359321440687,0.00105419561792766
0.000836869298884747,0.00105633240456273
0.000809724009077069,0.0010618947168771
0.000788233991073405,0.00106996488246738
0.000767680647190529,0.00108064378066523
0.000741970486286885,0.00108947815461071
0.000710996653075748,0.00108817679415231
0.000682247308052179,0.00107457068695224
0.000664218513777723,0.00105294598731266
0.000659445963336336,0.00102760566784008
0.000664788333359412,0.00100231333290851
0.000675691513734627,0.000978737329721103
0.000685384145859439,0.000956036648639955
0.000689505560642734,0.000934900062669147
0.000689493374016801,0.000915897246418748
0.000686283389604362,0.000899154780056031
0.000679720680320345,0.000886112764719257
0.000671279932499359,0.000878703430167561
0.000660423272091441,0.000875307470428987
0.000648744695582274,0.000872133854863203
0.00063914173533339,0.000868204888998349
0.000628568079783358,0.000863902579433315
0.000614913669466878,0.000860458829958323
0.000599977576627063,0.00086050132714138
0.000585446904000145,0.000866544360201955
0.000574485824078824,0.000878700266241952
0.000569264712652053,0.000893338727708324
0.000568936317163227,0.000906849486740444
0.000573422781748771,0.000921625222896312
0.000584870880791879,0.000941495781525583
0.000603654655956034,0.000965300501323047
0.000626730137386668,0.000989269127665284
0.000651868591999218,0.00101011685227915
0.000678639366173367,0.00102704608528893
0.000706114750949158,0.00103753533762472
0.000734075358985748,0.00103672136431702
0.000759586335728348,0.00102437682161006
0.000780195617087857,0.00100519465940873
0.000799404400639755,0.000984151311530158
0.000819479088616623,0.000964094406855793
0.000841108285539852,0.000945371949016854
0.000866639527069325,0.000926743655559607
0.000895981454904686,0.000906982707383401
0.000925603189944604,0.00088515732268631
0.000955774465948399,0.000861794720161865
0.000989309230503817,0.00083868980070543
0.00102486524261007,0.000816152738977773
0.00105928200418943,0.000795261654325552
0.00108885052942741,0.000780330838380166
0.00110976277249257,0.000773468999115747
0.00111985069560212,0.000771329933527126
0.00111920523601977,0.000770423726779045
0.00111019095629284,0.000771165682474353
0.00109592897932645,0.000774227261934117
0.00108024350486963,0.00077690872892971
0.0010665390004583,0.000776232031772345
0.00105692961277243,0.000771666714311831
0.0010537193522169,0.000764971594324145
0.00105867103108344,0.000758347741077978
0.00107184388143829,0.000751263570404883
0.00109186819377663,0.000741265516593402
0.0011188509297156,0.000727790886524931
0.00115342262421109,0.000712576650051917
0.00119467217752771,0.000697224344865609
0.00124126534538455,0.00068285313797938
0.00128840896001825,0.000669962331498699
0.00133014851192607,0.000660131348394499
0.00136372287141276,0.0006556611112324
0.00138873729064775,0.000656473165909038
0.00140628539261331,0.000661598995845878
0.00141365829590718,0.00067084628156663
0.0014052444792644,0.000684316310679172
0.001382617359952,0.000700228961855536
0.00135312079041364,0.000715918371253324
0.00132152865590276,0.000731807553281485
0.00128900332596895,0.000747077076389274
0.00125567761369369,0.000759222048044145
0.00122098809500165,0.000769145833464361
0.00118533974893886,0.000777438534801751
0.00115142808584165,0.000783374956430096
0.00112088939196653,0.00078806930686439
0.00109341412872215,0.000793219148816918
0.00106851767468341,0.00079984991053519
0.0010461136168028,0.000808806713508899
0.00102459768909428,0.000818279745977254
0.00100210051006549,0.000823945495350854
0.000983138863445201,0.000824533023033537
0.000973763891090765,0.000823128193114897
0.000974252257974369,0.000821848035769843
0.000982334324529639,0.000818781229713876
0.000994731288675667,0.00080995889215026
0.00100814158156191,0.000794174754050309
0.00102168083501372,0.000774716204484398
0.0010349921643281,0.000755494876258807
0.00104856485137438,0.00073863825336393
0.00106509648837671,0.000725646477750751
0.00108424759790984,0.00071920662438146
0.00110164124170748,0.000720782338656064
0.00111419592083896,0.000725559771949138
0.00112086351959504,0.000726417985857317
0.00112219699730887,0.000723995340454177
0.00111895296253871,0.000723512895180982
0.00111003924512616,0.000726533843066584
0.00109464963873165,0.000732063790889332
0.00107376691666768,0.000739988108306804
0.00104970342031392,0.000749423060818831
0.00102417184053848,0.000757320911490589
0.000999077819080677,0.00076230716825226
0.000976521796614981,0.000765544443267494
0.000956896749485639,0.000769090589585798
0.000939645067703996,0.000772389262520744
0.00092266500681484,0.000772078878442426
0.000906105411073641,0.000767008714814752
0.000894551570587485,0.000756514494672752
0.000892860842641292,0.000739478908855412
0.000904320056414524,0.000717809574763458
0.000928466678892747,0.000694572239270189
0.000960103540019971,0.00067130067051323
0.000991238028667549,0.000651320671169855
0.00101661459175784,0.000639402545888625
0.0010362091509023,0.00063766059593216
0.00105145298351485,0.000643555897410137
0.00106211252457338,0.000651204171844235
0.00106654163997465,0.000654916926915669
0.00106636189692931,0.000654419041701676
0.00106595068909257,0.000653991910346679
0.0010659576128553,0.000655342882952456
0.00106162347032229,0.000661375845675666
0.0010489422437208,0.000674995155090721
0.00102711537778121,0.000694701730800881
0.000996859530274661,0.000721025518158669
0.000961856482510979,0.000753076035667058
0.00093035587858175,0.0007854677361543
0.000908811975001542,0.000814573774654158
0.000895450784106448,0.000839900311795879
0.000886707305631689,0.000862505580082331
0.000878424765279259,0.000882995898011694
0.00086758440711185,0.000899070091111887
0.000858305833895114,0.000909938313495336
0.000854577544209603,0.000916698879664054
0.000854261112154279,0.000916936852309323
0.00085438002982753,0.00090738407700057
0.000854678947239423,0.000887715012057353
0.000858342141303791,0.000859586717126561
0.000870763810539571,0.000825124641298298
0.000893500926072069,0.000787014626941805
0.000921936842219101,0.000749336351105408
0.000950164084396176,0.000716736100486481
0.000973956918146285,0.00069436614040096
0.000991051429540543,0.000687011166499179
0.00100161221741003,0.000693682030788504
0.00100826135123717,0.000707551647649976
0.00101615960249221,0.000722358643745444
0.00102851745057774,0.000734271405962672
0.00104150220154122,0.000744002906901122
0.00104784200216036,0.000755828536988103
0.00104593236405609,0.000770383303072066
0.00104139926114819,0.000784293975060075
0.00103833870394893,0.000795463174602048
0.00103584538657955,0.000805613820163242
0.00103181886587367,0.000820131795694496
0.00102536256626317,0.000840287429184409
0.00101743041150976,0.000860007533735793
0.00100982541605892,0.000874636893614313
0.00100335166744695,0.000884492522561916
0.000997212883005208,0.000890061992283297
0.00098946558198708,0.000889187830348374
0.000979248096754134,0.000881036332960471
0.000966906465477685,0.000868730915622956
0.000950946092212813,0.000855675452974009
0.000929319441646445,0.000841758048820178
0.000901862435175943,0.000826929315092602
0.000873162721420126,0.000813139465151298
0.000849626395453757,0.000801675194077588
0.000832509777314329,0.000793312251877897
0.000819255189976829,0.000788866333864337
0.000806991379029099,0.000788946812030803
0.000794045447147733,0.00079271172094123
0.000780406426237447,0.000798796401738987
0.000768414685219778,0.000807298634798442
0.000760489507057489,0.000819872404412022
0.000758539246354888,0.000835032858768496
0.000764277583170607,0.000846713438903005
0.000775163081934564,0.000853476302585763
0.000786301503702765,0.000861692995035658
0.00079522767037432,0.000875305631901314
0.000799865658315379,0.000891142344290882
0.00079722281806444,0.000906398663687855
0.000787221287166655,0.000919173484845349
0.000772013844504893,0.000927458370923679
0.000751197940865754,0.000930071633969148
0.000724024629763814,0.000923541847658514
0.000692859181614472,0.000903721956951135
0.00065933734653713,0.000869939914004825
0.000622082713500651,0.000824544929284933
0.000579292328176142,0.000772701827509343
0.000533453291559003,0.00072287956280422
0.00049200845368488,0.000683567541472821
0.00045981583774599,0.000660370953197853
0.000437540921228461,0.000654842935644704
0.000428295482625849,0.000666729605596362
0.000437676787571452,0.000694265031660429
0.000468614477128927,0.00073279356853187
0.000517863686082881,0.000776839429615226
0.000572885269502957,0.000822900560513814
0.000621031854479635,0.000872458525363006
0.00065691374257282,0.000927594127645173
0.000679884127835698,0.000986199809868286
0.000692510952915895,0.00104587071033314
0.000698235104189974,0.00110377916784228
0.000702739474516902,0.0011548235207031
0.00071183538984135,0.00119401644110278
0.000725016522286083,0.00121736677640707
0.000741165694117106,0.00122507498713926
0.000762365192110635,0.00122190551017896
0.000790073045984092,0.00121276734503519
0.000822491014135604,0.00119994711128258
0.000858816686088768,0.00118291834805349
0.00090455111765531,0.00116287559641912
0.000963653148637069,0.00114151732045974
0.00103166260084008,0.00111852977398782
0.00110177475056035,0.00109485167934686
0.00116856113796412,0.00107096226246401
0.00122616468849863,0.00104558035744196
0.00127271826066717,0.00101747965332851
0.00131180543401817,0.000985684111865089
0.00134533620141568,0.000950799274704203
0.00136983314843464,0.000915496543710091
0.00138364909219621,0.000882945944413756
0.0013916714750604,0.000856497588395459
0.00139715922770794,0.000842121605064088
0.00140055664980619,0.000844601413095395
0.00140127276813746,0.000862171732427571
0.00139688701863327,0.000891167374059568
0.00138572487492941,0.000929353118473044
0.00136728883599932,0.000974638578975982
0.00134289648424906,0.00102529102186037
0.00131600847908638,0.00107618217252934
0.00129120323813258,0.00111784957426293
0.00127187114202332,0.00114413488613374
0.00125969462512868,0.00115351114459096
0.00125511745670884,0.00114509406743062
0.00125902284720039,0.00112166557591944
0.00127191352869398,0.00108829568801347
0.00129267276692783,0.00104631098799938
0.0013208734595683,0.00099666133808308
0.00135446511441169,0.000942137362491503
0.00138727593339023,0.000886086053093929
0.00141355129228265,0.000832492919445644
0.00143223815626555,0.000786257262687933
0.00144525751807414,0.000752622009652403
0.00145483956362308,0.000732451229905883
0.00146076849708998,0.000722665470046353
0.0014600156677669,0.000721012545766679
0.00144546241543554,0.000725123756168188
0.00141022261753984,0.000733955655847742
0.0013610680050088,0.000747841563349987
0.00131081530341671,0.000764723559977654
0.00126416797559013,0.000783132324087473
0.00122410657572175,0.000803413517281595
0.00119610395254521,0.000823925032921874
0.0011835311529359,0.000841475872470694
0.00118466828356264,0.000854600694028596
0.00119456722638683,0.00086561426260094
0.00120940464775631,0.000875120309090116
0.00122624789908638,0.00087825278174218
0.00124344319302722,0.00087360685074178
0.00126296356286072,0.000864519507352036
0.00128801829903752,0.000851277422576525
0.0013179640953691,0.000833503735141681
0.0013485685904836,0.000813012162875784
0.00137771902473266,0.000789719984416826
0.00140658922341602,0.000764896548020634
0.0014369570628292,0.000742583600154031
0.00146822570739662,0.000725546721571307
0.00149625841599391,0.000716328486600033
0.00151527493493472,0.000715366680399882
0.00152149148889605,0.000721582080833406
0.00151316889255358,0.000734340870470303
0.00149084519960351,0.0007522505921153
0.00146058792968568,0.000771914689666957
0.00142950934499786,0.000788651511493609
0.00140137883595407,0.000802383299950283
0.00137907576904858,0.000818792240755749
0.00136301855400616,0.000842279883049384
0.00135181216987645,0.000870209762093066
0.00134597078671696,0.000896842098615189
0.00134728054035956,0.0009201599375718
0.0013562521419832,0.000940499340544398
0.00137037338572754,0.000957929782910125
0.00138707804911857,0.000974046017784288
0.00140441298392654,0.000991371716659575
0.0014215853969214,0.00101301984474772
0.0014369408541843,0.00103801370321837
0.00144593909286164,0.00105940261315929
0.00144734131872825,0.00107603276644702
0.00144330732965294,0.00109072561876414
0.00143465829196601,0.00110238886228204
0.00142082179213786,0.00111049114513472
0.00140296396663853,0.00111487576871066
0.00138259115934748,0.00111231082959375
0.00135846528350073,0.00109962237878179
0.00132975751291622,0.00107720741395134
0.00129474197092184,0.00104882078931802
0.00125235816684998,0.0010182783741494
0.00121007252527878,0.000989161978394724
0.00117556142451075,0.000966406231670685
0.00114973734555161,0.000952615327316702
0.00113281516868126,0.000944990314828092
0.00112455188190593,0.000937854191453899
0.00112164210780629,0.00092678312260033
0.00112003485882427,0.000910231369711808
0.00111496751768021,0.000890649076611893
0.00110231968408871,0.000872052373782759
0.00108322475493957,0.000856047882312193
0.00106385217074719,0.000843912166449245
0.00105143778773612,0.000838184896333543
0.00104931995811892,0.000840991559944201
0.00105805133228676,0.000854084335785443
0.00107529390262517,0.000877333669713953
0.00109455949981615,0.000906798724946972
0.00111259104889451,0.000938139071513266
0.00113075246680749,0.000969063796203508
0.0011491657993803,0.000996850126330606
0.00116558565305716,0.00101791172148142
0.00117938112641095,0.00103245136655528
0.00119142050569365,0.00104281686320851
0.00120072082712809,0.00104973941996594
0.00120590934032795,0.00105323805907605
0.00120759211970604,0.00105194500614222
0.00120581978363565,0.00104412093840463
0.00119984270119666,0.00103007967656373
0.00119119707412693,0.00101223046290602
0.00118279601030317,0.000994658223219614
0.00117690803460092,0.00097849818315041
0.00117411472785164,0.000962636037483884
0.0011749433469728,0.000950200151118902
0.00117991563714367,0.000943642100660617
0.00118742194279389,0.000940892334016307
0.00119666067669308,0.000941374814770505
0.00121116243453445,0.000948004873515388
0.00123055548999379,0.000961962264909711
0.00124938422285126,0.000982288009967887
0.00126861582854941,0.00100916655962673
0.00129073575575012,0.00104234402726708
0.00131325827724606,0.00108043714777532
0.00133347483525413,0.00112098865101912
0.00134783383124834,0.00116168463369334
0.00135342221129931,0.00120154675197608
0.0013528227862,0.00123820566113064
0.00134907356820472,0.00126717454276298
0.00134269655220806,0.00128685011597759
0.00133529606565029,0.00129641369732519
0.00132839143170392,0.00129246117826455
0.0013216944313732,0.00127468199486399
0.00131411068297468,0.00124711174971314
0.00130636705430237,0.00121474930012268
0.0013009802326495,0.00118206345167769
0.001298490294358,0.00115105422663712
0.00129785242462972,0.00112388125495649
0.00129783255142379,0.00110735815462186
0.00129985891025175,0.00110255012523745
0.00130795218258851,0.00110118921183184
0.00132522082397354,0.00109915967510172
0.00135045781503847,0.00109730452617499
0.00137800301939806,0.00109530049173213
0.00140129828546403,0.00109102403723079
0.00141500253457576,0.00108004331395241
0.00141719489248345,0.00105869624020381
0.00140849277719122,0.00102845064164756
0.0013928596199556,0.000996003421521618
0.00137866853757909,0.000969088140117212
0.001372245811845,0.000950859295832265
0.00137401091746871,0.000939516917588382
0.00138322270119025,0.000933887967013593
0.00140243341655618,0.000934119190048298
0.00143149328716749,0.000940238614272418
0.00146429329949766,0.000955279199427893
0.00149636395649967,0.00098077955573658
0.00152634887713146,0.00101195764425987
0.00155075127309674,0.00104278571417924
0.00156761348782351,0.00106859942394331
0.00158006014632418,0.001085979138475
0.00158892401655814,0.00109377330544634
0.0015910678774376,0.00109392138880916
0.00158608184462814,0.00109146041623696
0.00157646753862385,0.00108771178607373
0.00156345974982085,0.00107790706868666
0.0015467950208038,0.00106039145735211
0.00152696752746478,0.00103837291845665
0.00150534216409303,0.00101419921257865
0.00148093287837703,0.00098864566122309
0.00145097727457221,0.000960498467602246
0.00141627533562248,0.00092514284482401
0.00138151300371775,0.000879554662390563
0.00135107125997538,0.000829455581286917
0.00132596377780534,0.000784405000062215
0.00130407437766939,0.000748244102318654
0.0012840681755324,0.000720729519881554
0.00126681906810638,0.000703007616518878
0.00125179662847651,0.000696293629548119
0.00123920431676035,0.000699205600831093
0.00123180248259356,0.000706701951371292
0.00123032424545108,0.000712775940239975
0.00123466125692132,0.00071623683123662
0.0012446386190579,0.000718843933681246
0.00125688841980193,0.000720639543409269
0.00126509653179969,0.000723338446116369
0.00126686877878266,0.000732583540101347
0.00126470993105561,0.000750787749041566
0.00125875840764325,0.000776375069269242
0.00124568110808891,0.000808627039194395
0.00122326939247992,0.000847394017089645
0.00119527052950727,0.000890143941261001
0.00116715914754749,0.000931670405734118
0.00113979002696104,0.000970067373887913
0.00110906235609694,0.00100773236617392
0.00106746795945284,0.00104554046690924
0.00101238674357014,0.00108297967412729
0.000951828426875445,0.00112057090693814
0.000898005939556481,0.00115870463421477
0.000859580001023589,0.00119583233255531
0.0008380952960232,0.00122957614313889
0.000831907707205622,0.00125740724349525
0.000839035007823485,0.00127727711964459
0.000856142735784285,0.00128811087605968
0.000882507445065084,0.00128627782802425
0.000918899016381754,0.0012696807926193
0.000962226964910124,0.00124275109494466
0.00100538461640522,0.00121008934655728
0.00104331957255302,0.00117517353509548
0.00107600238842501,0.00114275454534867
0.00110553106476101,0.0011146670008263
0.00113537680324706,0.00109276358974919
0.0011686940923846,0.00108181519855803
0.00120796419919532,0.00108228010413224
0.00125517956299571,0.00108798988745797
0.0013079419600708,0.00109182515715273
0.00136099235202663,0.00108988886283053
0.00141309747999956,0.00108079962268318
0.0014633879429837,0.00106489489596004
0.00150742480695968,0.00104311572584742
0.00154309194812967,0.0010150948433123
0.00157096333910791,0.000982955766052103
0.0015902990247472,0.000951345474757217
0.00159717041105249,0.000921845047673156
0.0015878626012764,0.000894247143069576
0.00156347191187824,0.000868222739900239
0.00152957874138211,0.000842857827779286
0.00149160861819243,0.000818371735377296
0.00145089828757974,0.000797901591863582
0.00140588293710535,0.000782598025740302
0.001357454248172,0.000768694817641751
0.00130962187051868,0.00075525902390536
0.00126425181739263,0.000744106206052836
0.00122100585599607,0.000736687604339285
0.00117870418513196,0.000735405142440361
0.00113644850052948,0.00074006779952684
0.00109727666847631,0.000746559006511675
0.00106757941294764,0.00075239950481097
0.00105183436088798,0.000769396169855764
0.00105811001035241,0.000826591301490205
0.00112176869085433,0.000950152725313994
0.0013002130226018,0.00116029920965414
0.00161219241014409,0.00146623294601958
0.00200116930712866,0.00181736847206737
0.00237789186685432,0.00213529867322395
0.00267799130650261,0.0023707493303027
0.00288149907030314,0.00250443436954561
0.0029998752688639,0.00254223917008118
0.00305324608259266,0.00250682574972492
0.00305803094586316,0.00245663544917854
0.0030157034068327,0.00237994200533708
0.00290464427319455,0.00221202848260755
0.00269840989169377,0.00199669253409332
0.00239102068290793,0.00176289338488307
0.00200072311885698,0.0015295151733432
0.00157188511636878,0.00136147913034802
0.00119197551193947,0.00128591729277434
0.00100303980855026,0.00133233272257877
0.0010861577724246,0.0015368789290079
0.00133545231100138,0.00191387504575655
0.00162825161650137,0.00244684707809449
0.00191132942654328,0.00310066553035993
0.00216585390601493,0.00382893529583587
0.00238101026153037,0.00459601308632319
0.00255116685873763,0.00538568533016971
0.00268350305461444,0.00617803777421522
0.00279262243189392,0.00694121205282743
0.00290438444249236,0.00766091468612337
0.0030769530470584,0.00833754724709591
0.00334771589640655,0.00895262805366521
0.00374527270766689,0.0094704730391654
0.00441595809246736,0.00985283874269781
0.00556611370777112,0.0100733658920808
0.00794061993837739,0.0101023707330278
0.0128375543743787,0.00987348581560295
0.0208361059901561,0.00934379200349007
0.032324820755382,0.00854974720080499
0.0566078247712164,0.00756920643482731
0.0906999147005103,0.00648632082907458
0.13541287152699,0.00537230157059506
0.190279664663656,0.00427205516534371
0.253491094378942,0.0032412591691776
0.321934021226715,0.00241818540172224
0.392565971695472,0.00204372477933338
0.463935786987876,0.00224034997810791
0.536650569967114,0.00278264903546067
0.612343708042187,0.00340176106147033
0.692802074178506,0.00395959883897987
0.7799878082329,0.00439890627488965
0.875593354308749,0.00469342739590784
0.980375456096906,0.00483961335657844
1.09407192914373,0.00484321560887849
1.21565235281347,0.00472473925316716
1.34357880273208,0.00450237375279238
1.47594179535087,0.00418405478173711
1.61052231748794,0.00379682236550037
1.74491288663885,0.00337968846216386
1.87672332662998,0.00299928197485527
2.00377936118394,0.00274620752662321
2.12421512974413,0.00270569446591093
2.2363507837826,0.00291942090811134
2.33853068551808,0.00335309202662544
2.42914195390163,0.00393774699328007
2.5066189317346,0.00457731872204654
2.56945918452558,0.00516136967058419
2.61652146615075,0.00559233182321551
2.6473738834951,0.00578952006828289
2.66225307721848,0.00572089838188998
2.6612173279945,0.00541871728677164
2.64445036089335,0.00497945670228104
2.61315844221346,0.00453824777279719
2.56861131719682,0.00421071833655144
2.51195729760035,0.00411837744199364
2.44394279706838,0.00458891808265113
2.36476289494331,0.00641640275334337
2.27406864910073,0.0104663885686319
2.17115072636091,0.0172776813606813
2.05531238102016,0.0274604431043365
1.93612664607919,0.048254443401561
1.80478261638417,0.0757572764206326
1.66289079923985,0.109917760727817
1.5146498104275,0.150506721028012
1.36660938772299,0.197365608963166
1.22497078364955,0.250475871719524
1.09276987667567,0.310273454590379
0.970007755161753,0.378157864301296
0.856310547723439,0.456039695831786
0.751143726758395,0.545072003347624
0.654060363238462,0.64548773013654
0.56580296702374,0.757636549567677
0.487331164761985,0.88268551110425
0.418843465601804,1.02255491411996
0.35963928052901,1.17866499032021
0.308830098215348,1.34785892725406
0.265836661387853,1.52262661314355
0.230159074183863,1.69845187468289
0.201074611831216,1.87524910799562
0.177809228742624,2.05307709055403
0.160074794018626,2.22964677314828
0.147880806862068,2.40020291207548
0.141036867981831,2.56062557275728
0.138959191584359,2.70999038504303
0.140722428590307,2.84939662834154
0.145267094148708,2.98023257290582
0.151602718897005,3.10389997208865
0.158923572842366,3.22218571988898
0.166633594215899,3.33736694610364
0.174320285038547,3.45188440539684
0.18178420870574,3.56791076734496
0.0676355518638466,3.68689469872022
0.044804193639755,3.80913897066578
0.036004858587019,3.93394597015598
0.0315493374389529,4.05977065319819
0.0286533786550519,4.18459516627334
0.0323704309393876,4.30625163503943
0.0350868952355072,4.42256920347065
0.0368327608192183,4.53113377362306
0.0377697372485079,4.62873539148118
0.0381197212743774,4.71144081518275
0.0380733571428695,4.77548287881249
0.0377628699864484,4.81812221218523
0.0373506562001302,4.83789176447694
0.0370986762887216,4.83432720681111
0.0372588700500262,4.80776877230856
0.0381131036422149,4.75913021074068
0.040132974658286,4.68915302326817
0.0440145594494369,4.59732840611661
0.050569712279858,4.4815038104738
0.0606482047482398,4.33850770570884
0.075101224696102,4.16515894502634
0.0945972873138687,3.95877683696737
0.119568028806949,3.71703453771868
0.150346017936681,3.44267271136331
0.187236847462696,3.14634673955284
0.23082085410981,2.83984664864769
0.283069341222725,2.53326809724412
0.347748788660753,2.23560285850913
0.428682425885555,1.95294368225443
0.528377345690141,1.68968983626282
0.64809650233044,1.44980053596248
0.789043390549992,1.23582210017866
0.95243707422589,1.04881508306278
1.13489889437969,0.889444853318563
1.32695188799152,0.758374316163292
1.5219956499157,0.655720774979609
1.72080974266658,0.58048910405447
1.92361033485764,0.530113028686586
2.12635114075889,0.500368608458513
2.32536293948707,0.486083010506079
2.51931760180947,0.48227480654033
2.7076520215306,0.484947262382728
2.88932396366407,0.491310866539847
3.06288680707225,0.499621186393778
3.22727851425412,0.508842458670549
3.38240071046998,0.518349372583878
3.5293165433105,0.527795660579451
3.66995349291895,0.537041139585399
3.84647257951941,0.179413866882338
4.00089283036553,0.110618196283055
4.14354622418716,0.0829758205867355
4.27836247504008,0.0694013491380939
4.40650760946881,0.0623150308535722
4.52776204437034,0.0585150344113753
4.64189482508347,0.0563345911949592
4.74747098456185,0.0548281336039665
4.84305260152173,0.0534930818090513
4.92633740409658,0.0520994536468529
4.99429585975505,0.0504983509212642
5.04403041482997,0.0485999744407973
5.07263377358548,0.0464653605954539
5.07644676671225,0.0442859450201833
5.0514235224732,0.0423617687303637
4.99207253247065,0.0412606145217349
4.89608395983406,0.0421034722473438
4.7698525646451,0.0544181359926824
4.61108097290258,0.0736614974031513
4.42393094843951,0.101159175223572
4.21235343457899,0.137458177083775
3.97825025853324,0.182770001174165
3.72173268701225,0.237190798050546
3.4447910101446,0.301345779236289
3.15438441442939,0.376984364842663
2.8593737037046,0.466471494100058
2.5668672020445,0.571533434435897
2.28352113650714,0.692532239217709
2.01479936319508,0.830085553884626
1.76303817714442,0.987461544645768
1.530612574812,1.1689548750648
1.32110035179262,1.37338804693633
1.13647402116375,1.59201063500701
0.977795123967402,1.81707770656876
0.846873075301941,2.04703473397526
0.744816466948355,2.28100033224918
0.671054838176813,2.51431477730541
0.623053711757332,2.74070717952041
0.596364678964407,2.95560642877015
0.585509898441532,3.15673967795076
0.585169264840758,3.34306036298726
0.591059305476498,3.51400848076445
0.60013934328113,3.66984050820205
0.610443214121301,3.81223478339644
0.620832061937245,3.94434294188131
0.630689128704016,4.07029678994262
0.639747601352649,4.19429707353419
0.648030175274796,4.31985242134316
0.655818360339183,4.44947574611702
0.663507653272067,4.58432830208515
0.211152910670356,4.72627876611987
0.127823726658976,4.87032713482432
0.0937054704381257,5.01445506546464
0.0754544668930654,5.1560487101025
0.063932436757651,5.29145508681735
0.0558237865476254,5.41473546241757
0.0498768162854773,5.51764895018256
0.0455233750863388,5.59272407630222
0.0424226040225893,5.63542428657775
0.0403776840766779,5.64327913615067
0.0463352372490509,5.61900986246543
0.0532987509001495,5.55743809859754
0.0619343824398405,5.45569557596966
0.0733241682118907,5.31059281951755
0.0887845621976263,5.11986302527071
0.109502334244791,4.88228306087259
0.136227123141909,4.59872750983177
0.16917877740744,4.2747823591379
0.208377297500308,3.9228537864763
0.254288484583015,3.55881465254656
0.308446271673205,3.19443390156242
0.373651651430253,2.83765036624527
0.453572569110409,2.49711340095031
0.551477003932107,2.17993848817983
0.669113000264171,1.88930762639628
0.807957994060198,1.62742110239087
0.969271254601023,1.39730809758134
1.14889967196903,1.20167776992308
1.34040833594127,1.04200843992553
1.54373772254494,0.918305674619628
1.76047857970452,0.828702779734594
1.98809494768778,0.769245386327955
2.22201538399945,0.734278310402521
2.45774368025232,0.717362853136123
2.69146935532603,0.712509631801629
2.91989463758815,0.715015977091014
3.13993598923085,0.721586303794828
3.34855598454629,0.730145501119903
3.54305377343924,0.739566328037435
3.72149008923914,0.749259479397493
3.88308771050714,0.758867290836291
4.02849956701509,0.768122437599187
4.15945422345074,0.776789263431163
4.29877741698426,0.266046431525519
4.41922112493439,0.161696903020544
4.52770186465533,0.117427019896653
4.62810106468595,0.0939024938538607
4.72231243811433,0.0802128420668849
4.81132786491315,0.0718466797972568
4.89580131785427,0.0664009337328575
4.9752742536986,0.0624704423437238
5.04740256000027,0.0593044871029425
5.10828360884972,0.056603429782482
5.15335467969807,0.0542108165702294
5.17818454583333,0.0520526589020713
5.17892130484372,0.0502215825081599
5.15234070559256,0.0490024400376937
5.09566484547955,0.0491298325317814
5.00686835229749,0.0519948340014395
4.89315658224768,0.0690131715614154
4.75099877272599,0.0933129582715214
4.58247540270667,0.125879755278942
4.38795295454483,0.167123880457156
4.16707583916034,0.216862463460077
3.92024929061232,0.274739552736969
3.64964153209852,0.341040854860225
3.36188137121179,0.416951199087627
3.06670236369547,0.503737282779475
2.77202603604525,0.601919382625696
2.48365037356769,0.711914107729934
2.20679856159495,0.835103333880434
1.94485133379083,0.973751137251278
1.69906449834645,1.12932704783399
1.47064871511526,1.30115143346783
1.26271086353233,1.48716227640362
1.08005905801169,1.68568442527895
0.926691393596081,1.89457600522126
0.805136591048869,2.10915282141298
0.716260688901058,2.32330763684771
0.658326183958579,2.53161086000229
0.626679612466024,2.73013333714937
0.614648564476997,2.9165450627514
0.615299386204189,3.08961243605379
0.622934342780717,3.24872059624542
0.633660922569119,3.39392513226563
0.645008592423154,3.5264470723555
0.65557975178109,3.64903659210274
0.664802697793792,3.76552614488003
0.672613062373475,3.87980488140196
0.679206944945631,3.99511749369843
0.684812961180168,4.11373029784057
0.240453231761952,4.24513651206403
0.145744502914807,4.37785802697222
0.104299121695277,4.51282604535392
0.0812777271015581,4.64960336231564
0.0672198385432273,4.7864706375601
0.058405933307254,4.92020679638862
0.0528546570376171,5.04615368590604
0.0493783430001875,5.15833728471791
0.0472727830084668,5.2499987118182
0.0460768560843358,5.31563925889014
0.0454365984830284,5.35222126246696
0.0451151373568606,5.35815647956299
0.0450590062465303,5.33220075539503
0.0530901116925767,5.27877006620917
0.061896164577546,5.19223837442917
0.0719732698644566,5.07040929568739
0.0839130056442576,4.91136913704417
0.098337386186935,4.71355185242055
0.115853060842931,4.47624630547039
0.137027792915963,4.20176909005018
0.162285063488638,3.89668193487697
0.191903146844964,3.5716102140606
0.226327943079557,3.23978614799001
0.266405338310787,2.91190738780446
0.313326310300656,2.59309056830333
0.368802352781983,2.28717996385053
0.435335905128256,2.0004681412887
0.515637105502468,1.73740338663338
0.61156534511592,1.49804733702307
0.724546457114636,1.28199901015676
0.855667331209606,1.09069025615125
1.00204993381039,0.926543394021476
1.15653723020629,0.791367487107621
1.31694683006688,0.685992831724478
1.48858065122531,0.610017835054379
1.67440202313395,0.561073407136047
1.871207785119,0.534524010156487
2.07234363959835,0.524265804475272
2.2707202934951,0.524285484353288
2.46129141578889,0.529828653024453
2.6412563590828,0.537722498670235
2.80930987434979,0.546130580979233
2.96458358594946,0.554178325938314
3.10595477744954,0.56152519993763
3.23239319272374,0.568085910852136
3.34383813751964,0.573907094730788
3.44164300265069,0.579103131823188
3.55264345892105,0.201461254417624
3.64765192387208,0.122261788897117
3.73199131227122,0.088374768347048
3.8088211772915,0.0703029800252233
3.88028657081217,0.0597860809035793
3.94793318655964,0.0533988695447235
4.01271072652832,0.0493218507249659
4.07526431203649,0.0464396220156441
4.13618008817192,0.0440651401383702
4.19538479853405,0.0418222811893082
4.25120850304144,0.0395255629207997
4.30037635783151,0.0371147356655901
4.33923472079765,0.0346226087725804
4.36468240223958,0.0321426019639316
4.37412873535501,0.0297740537224269
4.36502397543908,0.0275666720262115
4.33501060846876,0.0255486434301258
4.28260072648596,0.0237736326984394
4.20792373098876,0.0223661086422796
4.11276640883168,0.0216309018348069
3.99972687015539,0.022107803313928
3.87066421237258,0.0241987885196347
3.72583944350054,0.0278016403013025
3.56475195079782,0.0325328076583201
3.40044497329016,0.0442279698965502
3.22276799313188,0.057500210225777
3.03412297308377,0.0727246119813835
2.83715768010969,0.0906925868825007
2.63343338739484,0.112399776660965
2.42409676618076,0.139049830483854
2.21330650828866,0.171887913768893
2.00800856989889,0.211906825294664
1.81159739048304,0.259987438357633
1.62368870453018,0.317014964268696
1.44530586248056,0.383482039450829
1.27749058374628,0.459347161860615
1.12062698549431,0.544658784274222
0.977486802580344,0.639840818270428
0.851434077712372,0.744620969787037
0.744577731067743,0.85775159128559
0.658237408306215,0.977789259499335
0.592790738439849,1.10145674371105
0.547430087161816,1.22519602076573
0.51996976758307,1.34892971329126
0.506964157378504,1.4719901346572
0.504381976693286,1.58985410681917
0.50845274057737,1.69806954478585
0.516191379131713,1.79539684036679
0.525526091983602,1.88289980566896
0.535200195959464,1.96165816094561
0.544509792174702,2.03198573593252
0.55304471333707,2.09413836683719
0.560550458063666,2.14906876334692
0.566861403396174,2.19846443904516
0.200269508361124,2.25738044012882
0.121718259003438,2.30998198771223
0.0871724052205781,2.35860846769486
0.0678226674383596,2.40401194997143
0.0557961805379964,2.44609500484821
0.0480081760817973,2.48432124579601
0.0428558665991642,2.51804693030254
0.0392863011690037,2.54691614063178
0.0365555142936516,2.56979632747608
0.0341783622948271,2.58559976466878
0.0319035656776549,2.59327116396057
0.0296518464306521,2.59177521728461
0.0274340238642976,2.58008673425772
0.0252954042381464,2.55712771662597
0.0232826480511206,2.52181313967357
0.0214282882360123,2.47323445876182
0.0197513048362624,2.41086263668722
0.0182532799043476,2.33476548359608
0.0168990686698703,2.24572987983605
0.015646311515815,2.14533682514012
0.0144964135650599,2.03587414989946
0.0134719292806683,1.91966395265264
0.012551622964166,1.7981627205509
0.0116787414377104,1.67183302757378
0.0108238919130455,1.54002972192323
0.0100044389994305,1.40278796111287
0.00924945670346235,1.26325821387482
0.00855750486233088,1.12594940829129
0.00786783344104573,0.995001981295538
0.00703316653575291,0.87376662509137
0.00610963165249142,0.76457012218782
0.00580950081848827,0.668945935953973
0.0073898609759749,0.587639514494575
0.0110946800717239,0.520669391094118
0.0162300529867627,0.46734247600519
0.0222228774931295,0.156934917028364
0.0286158789002704,0.0782273259398328
0.0349036050090764,0.0500912887013534
0.0480266818739906,0.0465978048614871
0.064547543358003,0.0501501577634225
0.0881670247778401,0.0525334423796208
0.121841148125972,0.0520556928923427
0.166187224391355,0.0489296745749886
0.219882358009985,0.0438010226799059
0.280505809415204,0.0373550167629689
0.345230334610138,0.0302029203095698
0.411315004087887,0.0229277976372327
0.472407872232364,0.0161285972057254
0.517946549990514,0.0105883944606609
0.540569543484036,0.00787463101941673
0.53911270314942,0.00904407805516699
0.517255489326481,0.0119324479979214
0.48057336402371,0.0147845680189381
0.433965540246676,0.0170765669766612
0.381714697596002,0.0187075930435225
0.327600457941968,0.0197270339471467
0.275029022361455,0.0202267298279582
0.227277488375945,0.0202905155661021
0.187740791943328,0.0199919341634013
0.0981399815269205,0.0193973928007711
0.0637736954670458,0.0185728137586294
0.0599152250086682,0.0175882179207709
0.0683635841694947,0.016508053288462
0.0775542251430822,0.0153863502792488
0.0839828942625364,0.0142709446486421
0.0870593442623836,0.0131989575638704
0.0870148332670612,0.0121942570620428
0.0843122175720424,0.0112750095951464
0.0794816279267967,0.0104514353137129
0.0730555274688607,0.00973497844106485
0.0655288565810067,0.00913797553186938
0.0573431002554303,0.00865603625300784
0.0488852092278879,0.00827543667600839
0.0404862164437555,0.00798036496192192
0.0324220365297118,0.00774767314513604
0.0249236111405066,0.00756096223455446
0.0182035069126351,0.00742288782552056
0.0125235911859639,0.00733489538607476
0.0084012284808018,0.00728678935348503
0.00688063588214854,0.00726751266844911
0.00809839281523918,0.00727029366364174
0.0103874635973081,0.00728583119924902
0.012688181018596,0.00730047534324031
0.0146746424713115,0.00730684651887579
0.016271097673635,0.0073024069794966
0.0174832325394683,0.00728785084164032
0.0183487837077014,0.00726873847444848
0.0189183992666292,0.00724798499697029
0.0192436528728734,0.00722200481517096
0.0193735377514844,0.00718461559888514
0.0193494679199346,0.00713986964552285
0.0191999881952833,0.00710687399501219
0.0189431517653091,0.00711515845771601
0.0185934934940606,0.00718811539498882
0.0181702603456461,0.00732235866872523
0.0176970559140976,0.00749340518532404
0.0171971901148662,0.0076662924938894
0.0166966375460156,0.0078069848167805
0.0162218282260052,0.00789329419556207
0.0157908318031314,0.00791059563008575
0.0154139282983993,0.00785593809980611
0.0150979514204582,0.00774071931588908
0.0148435609636875,0.00757842822040052
0.0146578715212676,0.00738368233028431
0.0145787148458334,0.00718270929689026
0.0146433965096774,0.00700281936143282
0.0148476356327988,0.00686215657835386
0.0151452169910943,0.00677392791626438
0.0154628591241077,0.0067429977319948
0.015733710668955,0.00677031683298549
0.0159192845050186,0.00685479580015174
0.016007322286666,0.00699846632465162
0.0159985596374296,0.00720592473505244
0.0159044027290604,0.00746105630553311
0.0157443599506957,0.0077294597639813
0.015537992794778,0.00796938911026162
0.0152748057576848,0.00813685633272494
0.014901261404518,0.00820622791516967
0.0143717017980709,0.00816637620304683
0.0136842703297049,0.00801303737199153
0.0128851145063675,0.0077684447580285
0.0120621543339279,0.0074785371180919
0.0113217965072106,0.00718719038066543
0.0107579012148215,0.00692781324027484
0.0104258249204271,0.00671944544218306
0.0103340599186183,0.0065588503611402
0.0104512966717593,0.00643081503841673
0.0107215178124972,0.00632424444087391
0.0110608858712516,0.00623966552635363
0.0113481964964103,0.00618756717526194
0.0114828187612922,0.00617693225192868
0.0115161881086691,0.00620818171044701
0.0117786216468665,0.00627979498719571
0.0129574723863381,0.00639176203771406
0.0159077098538433,0.00653801845719438
0.0211038093339938,0.0067130966452393
0.0284822501642148,0.00690519923866614
0.0378091893478517,0.00707068768862224
0.0489469295132925,0.00718990271510206
0.0618202899617552,0.00729475643204831
0.0761755647507376,0.00741208303933042
0.0913799520633459,0.00756342305632995
0.106564385789971,0.00773571111177976
0.120962147783315,0.00787959192871747
0.134234990910355,0.00795792378570372
0.146650482440674,0.00794908287298871
0.1589009339918,0.00785593545619886
0.171792526394371,0.00770635962255304
0.185886870064033,0.00753828301577586
0.201230533412942,0.00738565952790623
0.217464674986889,0.00727975165393229
0.234075544641785,0.00723252026837242
0.250489279391989,0.00723583591490531
0.266108175957494,0.00729158070509005
0.280402847403547,0.007398518135517
0.292970421868327,0.00753964320975281
0.303551806539292,0.00769490473957303
0.312027379392306,0.00784280087855919
0.318379247132148,0.00796479697913876
0.32262527146547,0.0080430305320001
0.324767363482934,0.00806686211085438
0.324794372122423,0.00803076861755416
0.322720519808702,0.00793612790153652
0.318634570278456,0.0077858351683733
0.312720193523936,0.00758576511272777
0.30527042911247,0.00736005748432283
0.296784096916185,0.00712759705073585
0.288034336217712,0.00690065886813138
0.279965437224982,0.00669489755273268
0.273540229403925,0.00651951728288132
0.269644367667055,0.00637971653072215
0.268955078812982,0.00628774356097831
0.271798207192236,0.0062552569118098
0.278125831412766,0.00627082116016908
0.287625082439173,0.0063064388985388
0.299860823204289,0.006337756794298
0.312286075298708,0.00632428647999766
0.321692807129005,0.00625129411152747
0.329516052345769,0.00614919640085928
0.339335189871615,0.00602945296451212
0.353179644368804,0.00588309859933544
0.371578445588618,0.00569351998353849
0.39281047891831,0.00545756415654509
0.413567931395333,0.0051787047149365
0.430092888546373,0.00485687663033944
0.440038593580352,0.00450511714157085
0.442909155974967,0.00413519692695344
0.439003695350837,0.00375195512710565
0.428936615822638,0.00337143449296409
0.413531510337871,0.00304279067736935
