TRFoot,TLFoot
0.0402164340441725,0.0270161801113934
0.130256970629907,0.0709208853788009
0.324189357586638,0.130440764375099
0.645887499081985,0.185843438045035
1.12994609564023,0.218440760741646
1.86368581062894,0.220955780907822
2.97206052768797,0.199816829977152
4.54305220553814,0.17123332172894
6.514974931494,0.157156865646772
8.70148580086202,0.167802258494211
10.8963251357566,0.192814321165335
12.9242977728614,0.22371256057833
14.7028968470927,0.245596499647565
16.1867667971521,0.24090360238699
17.2800058133458,0.204608130418907
17.8453992289552,0.152057835095822
17.8001958284909,0.109102431238974
17.1805347245803,0.0906527566121598
16.1060352813688,0.0925625072490243
14.7500195987379,0.103679600324009
13.3001213352759,0.130118502576034
11.8738697106695,0.176364088127066
10.4484129770591,0.246559122405152
8.97959723788592,0.324109164777782
7.50849714396443,0.372694557582598
6.12712283921204,0.389033397837203
4.89157606197677,0.379649476773354
3.79465526457011,0.355898396128116
2.84947498392599,0.330297262719676
2.08865710834828,0.300041888712752
1.56452969179288,0.26275788237491
1.32443261117163,0.216188934767839
1.35106180781566,0.163646106083373
1.54767087464177,0.119446840157045
1.77817955937225,0.105192381962225
1.93975608407761,0.141810191563439
1.99537928422875,0.223551920662754
1.95559251512329,0.319998310163823
1.84815442086119,0.404669038157066
1.71464784764694,0.488684336656037
1.59259947932686,0.559262667489865
1.49533777190622,0.570196263175476
1.40714701186024,0.495307126919265
1.30373462884228,0.375827002309721
1.16905306774435,0.259302205781187
1.02512013902498,0.177397774846196
0.909600077275524,0.143582330534252
0.840876225931158,0.154974927915948
0.816677272748169,0.194157806397277
0.823236239145946,0.249920138528609
0.857331469931065,0.334306528501671
0.93228014500504,0.45914870374838
1.03714192158693,0.60761792681013
1.11720225221837,0.727017969323681
1.12242480726955,0.766470736281932
1.04444016006225,0.725035808183137
0.924834356113444,0.625282321938395
0.802946999708701,0.499443673032139
0.695940125283454,0.377051737342502
0.623525623853544,0.249465445357779
0.580554600213998,0.131183324505181
0.568382680759774,0.0568584259817941
0.57815686021236,0.0381380950670907
0.586510671820566,0.0600021289301584
0.607662608340315,0.0993669929807392
0.670657126903986,0.149505232806748
0.80057930812704,0.209516834082712
0.979955263967124,0.26298410115783
1.16239524276848,0.307547814908749
1.31561111061437,0.346056313776848
1.40550045798394,0.37189244112228
1.42120805634336,0.384732001874544
1.36484392119462,0.391551091750559
1.25386097950163,0.402250756998007
1.12021795337172,0.417945231241094
0.992896916019417,0.425981177217836
0.884414710104471,0.412546731299022
0.777738780499943,0.381267216902663
0.665047839610263,0.359524720413484
0.566261694349023,0.366473335359933
0.498327452182772,0.406064282035422
0.455193561198651,0.485297652467939
0.417846153576659,0.592176945065708
0.367310355237267,0.685817226005475
0.303411084625995,0.71921547402839
0.247578611533523,0.691540230988836
0.209692567273708,0.62802448971735
0.197216355881661,0.54762472458514
0.23277921138008,0.457319481580564
0.311419874879625,0.364392342941244
0.40256520304389,0.283612633273843
0.485920699604399,0.220315058463185
0.573293889810759,0.171353005648529
0.681184853293271,0.139916829399256
0.796963463989977,0.129455257275094
0.89753429360146,0.13449151969336
0.985433453685678,0.156695537602063
1.08466286659692,0.196714924620212
1.21985802451935,0.228376318805987
1.38147941496009,0.23286815548612
1.51498433846909,0.208323297795381
1.59611562011006,0.159193461469818
1.65500841198633,0.109613327575641
1.71810588889418,0.0737335777061115
1.79163675925293,0.0461786632507367
1.8597901618187,0.0354229479495082
1.91385415653761,0.0373660797638284
1.95068176145442,0.0271501591274771
1.97042659823168,0.0144283098292724
1.96474510423068,0.0170010115968637
1.92914865648719,0.0357565770107085
1.88506405767442,0.0729612809231869
1.86507631643674,0.116992353789271
1.86782309613883,0.148413728036729
1.8446286825903,0.157083321472356
1.74696364640804,0.141653345138285
1.57498937404986,0.116411065801629
1.36754614706463,0.0965507022287705
1.15846289008672,0.085506008739074
0.957895305371713,0.0875249103726825
0.773032262795578,0.101776275621328
0.622752360241622,0.118942392542127
0.523279909919609,0.132792470091607
0.4743386221573,0.134655359587937
0.455736231505734,0.123748579140771
0.46255857945813,0.112321620965487
0.496008685998048,0.0993005538371807
0.5541541637109,0.0746466214809084
0.623144716424268,0.0424613070485311
0.666942097702333,0.0303350605748057
0.65875045722014,0.0646283783226126
0.609398563297025,0.154051036241011
0.544724788412989,0.294965770927952
0.476168644752642,0.457387181454761
0.395504413969992,0.617685234718985
0.310254929865673,0.785651073536286
0.236780786990865,0.964445380829368
0.178612923928203,1.0869818112083
0.133558042254368,1.07912613417679
0.0997225910003554,0.954263808571435
0.0895619159016057,0.803042476629804
0.100282562708956,0.706191935274194
0.113645662029609,0.678225705192356
0.135036700134763,0.697561237856769
0.171293381532282,0.731984321408608
0.219153902659386,0.759048129410007
0.293096775286448,0.751668529837233
0.401719549426823,0.691158249273663
0.50033840846612,0.585721240080644
0.553532105676823,0.449014522856044
0.593285463707479,0.301235740286985
0.661019271184253,0.170830723491925
0.764527313367139,0.0798292616466669
0.887333165775407,0.0356172918643111
1.02228225032386,0.0269550247605026
1.17928368922841,0.0303820562716631
1.36323258587931,0.0309623394406896
1.56856747208342,0.0354362803017744
1.77816845508849,0.0549924737806479
1.9841140358119,0.102109023061104
2.17574827637872,0.177707073274057
2.31920817094294,0.274909502841881
2.38761166535253,0.401672400318571
2.39522258097646,0.562008482301594
2.38425212997287,0.747305787136682
2.38759897298471,0.935331466933428
2.41600089765847,1.09876378515134
2.47490412456507,1.2126840802574
2.56414499286828,1.25154825463791
2.67478935219243,1.21211995603943
2.79828216293231,1.12228565127693
2.92511398941719,1.01934240914296
3.03712683047349,0.911993148512641
3.11837885696298,0.788274055096073
3.14989344715275,0.653364023112547
3.12788288867844,0.518438150146177
3.05258613359046,0.393747496807544
2.92952133141465,0.287159582633751
2.78062394399732,0.202564999094196
2.60835221029989,0.138136090157909
2.39189245703468,0.0916819219454164
2.1196371382635,0.0686621549785216
1.81553851453938,0.068573527788288
1.5323010990673,0.0763310409853229
1.30211609516487,0.0839376252595724
1.11585232419335,0.0922851470843125
0.947742164121322,0.111565049070209
0.789722215714574,0.148762481670864
0.654393742547371,0.195965009226167
0.549753223160377,0.241950451856574
0.468150385906483,0.273340712105969
0.402420974572062,0.279028169074169
0.348363540409575,0.259355491328397
0.299214111138928,0.245166046943555
0.251910405689964,0.250512471277304
0.198702594668293,0.259162238844234
0.142644008192099,0.263404881539947
0.119471844252958,0.262242648587248
0.132805492510882,0.258929139088984
0.149125271845433,0.261964085350698
0.163250447079509,0.274872540774597
0.177055882718095,0.299489533935246
0.186488979421866,0.331645358648468
0.199765590123254,0.346868095112122
0.21928720682094,0.351796317477543
0.235975671766363,0.364328179332719
0.245179529040323,0.380912626014325
0.257500365793904,0.394938914482649
0.291844088307932,0.40577662316853
0.369115246775362,0.416568734729088
0.500508482645472,0.432494172639685
0.682990495940523,0.474362069835099
0.908666786636359,0.547950126832731
1.16114511395417,0.63387071987351
1.42128663187499,0.709095529322451
1.66939716670043,0.747018592433203
1.8885465073881,0.728922268043159
2.09605770830297,0.660375832177372
2.30887439322349,0.553241002263434
2.48664901363842,0.423381274677639
2.55563805138564,0.293908987338597
2.49936977443873,0.190532117249899
2.37391385804292,0.123769774065011
2.22516947481766,0.0838493451497265
2.06471255354868,0.0622509933489345
1.88982151380542,0.0492972800496232
1.70695728162797,0.0427670046668541
1.53229804992768,0.0444162329751839
1.37008884606469,0.0489556253749982
1.22047271987466,0.0564593244180401
1.0805869851952,0.0721162873914252
0.94540073898917,0.0913959723883778
0.827947463471791,0.115706479596746
0.742423440504785,0.143028592685526
0.692750336176226,0.167381393323157
0.682133300324145,0.190078987143591
0.697471583794607,0.209890951624965
0.735430118341208,0.228786027196524
0.799785926927972,0.254693478184794
0.888709791822379,0.289785864909467
0.992264171206723,0.328162328404972
1.09850364391729,0.373392262388712
1.19377243766122,0.433044762181331
1.24680405352295,0.495528950718038
1.25770959091565,0.518854336889395
1.26398663611948,0.483307827916407
1.30830033560426,0.413502367637979
1.41424691431567,0.35205467731353
1.5606598141007,0.309486401182749
1.71765744608833,0.283346611543444
1.86096025923759,0.275992870389029
1.96972734070035,0.286480469463891
2.04933425223129,0.313766028467867
2.11717817171278,0.354415655100474
2.21373472702921,0.392588079088709
2.39051798939695,0.395596505229942
2.68392354380242,0.357446333307625
3.09173193046105,0.308283278220738
3.56802702382846,0.261359152329039
4.06226484942612,0.235910355687556
4.55042753376034,0.254438779661827
5.02198896019316,0.321953672075876
5.45151777683142,0.42099890240187
5.78247967961162,0.52069006142793
5.98246094468883,0.608210593650654
6.05942971002094,0.69125961244242
6.00762308658586,0.780692927490978
5.7988221423443,0.855234803832413
5.43771488491923,0.899617322144064
4.96060233111032,0.920768822897538
4.37020048707223,0.928095734368282
3.67818024547888,0.930089051821594
2.96136767089326,0.938061184022972
2.29278922557002,0.962770793890682
1.70943174305863,0.99088368243118
1.2340747203699,0.981206042500532
0.878435929039624,0.907868283117542
0.633343785701398,0.796229029687566
0.471741044570133,0.692545785471691
0.378456924953435,0.629339905574993
0.355806446787954,0.585624034503612
0.400979892637163,0.519698041334044
0.485136438513919,0.427699172214978
0.552191449740079,0.342069352470863
0.560329366463681,0.271418130384301
0.520782402501083,0.21073308684256
0.473612234100411,0.161922346233899
0.44183101683385,0.124724367974352
0.427438747750312,0.0981191222430546
0.428649585594256,0.0799647145076997
0.439805315674557,0.0575929103733545
0.455452337565702,0.0384039447758147
0.484986112488901,0.0374411772912976
0.542506137143498,0.0505622233488801
0.617678145025438,0.0692642344614298
0.693265356519457,0.0751042330906593
0.766056619311429,0.0755371436861094
0.841175922109597,0.0734386478700078
0.927287670303929,0.0708758488858603
1.0254665129898,0.0835023057846621
1.13092851659257,0.107834107172845
1.23542151555374,0.142366155198695
1.34134083474234,0.198965656850337
1.44907579638417,0.271986844076539
1.56405071427741,0.350964898335409
1.7056492376577,0.436717756834189
1.87200108740191,0.534146600085158
2.04945580691021,0.653884444171376
2.23225776593021,0.784107810078419
2.40368838397289,0.891844520929806
2.55115240383062,0.95417618037313
2.65615923800372,0.974318408651269
2.712795789553,0.965046750701108
2.7244112855742,0.93718561268502
2.69018716484428,0.900818525628417
2.63655912038215,0.874819056137779
2.59715739965775,0.878432177529404
2.59207667306377,0.928997453165759
2.64216139544892,1.04839021956043
2.7675408913249,1.26601727849658
2.94664503192887,1.58556796444308
3.12630720278936,1.94694175527714
3.25638366197449,2.26090247356592
3.31379647100214,2.45474802702311
3.26473652896101,2.51538004124186
3.08325354015685,2.46861309217554
2.80156618785245,2.33614820456291
2.47366990602174,2.14350897586399
2.13800788800912,1.90966677110721
1.80387265739414,1.65183379251668
1.48335570303211,1.36288885729094
1.18979038170956,1.03586896605626
0.931050141011144,0.710765406325386
0.709885482434889,0.441369024826949
0.532230123182693,0.258318404803874
0.380586259584141,0.157656804179574
0.248731101332011,0.125475771033866
0.158798917789702,0.153909665552763
0.108181355088176,0.230828390477477
0.0887074757927528,0.339199940171707
0.105153784576616,0.456180477351627
0.148502575051632,0.555917313291813
0.19692786522643,0.618886534431489
0.241634135967963,0.632247642486008
0.294393759533288,0.593291240728893
0.368295572132093,0.516291252719123
0.45317693410682,0.420811138120715
0.525173942709486,0.328139404240709
0.575296030255322,0.252549852266222
0.60514279043878,0.196298511724717
0.618864743118524,0.170080883570019
0.627967337020661,0.173566816044343
0.637793319987663,0.182381905080256
0.650455471696829,0.182723647997196
0.66143584172487,0.176446452896159
0.66971301919464,0.162038706031491
0.695008132338402,0.147251225161751
0.74394078244463,0.159618549294282
0.803164066629773,0.20788918559407
0.885170946047772,0.289814158904193
1.03569066587142,0.390202184652232
1.29493966263049,0.481463742716716
1.63907460078444,0.554000789469362
1.99541152337249,0.628989207147325
2.33806630475035,0.719375438927881
2.67738296172837,0.815400897998028
2.9860969209414,0.896823005140036
3.23359068735113,0.958322469783089
3.42335289613398,1.00754811179808
3.55999590556337,1.0501505158927
3.63254002159403,1.07944132514256
3.62597068913804,1.07296449973603
3.5269404781285,1.01219415360693
3.34300353607261,0.886029633954816
3.10352074015753,0.698330000047123
2.86841835300242,0.494693211277535
2.6951301300923,0.3323217091272
2.55295074600387,0.223258827165996
2.40022396198497,0.158704034061993
2.22912556687555,0.128746508760913
2.03069513760819,0.118503923901532
1.80339778082082,0.129168720723378
1.56601128173862,0.166692528377655
1.33016231476938,0.239244638224765
1.10039316169534,0.377698097076606
0.901746300412722,0.604384420282021
0.765009521472432,0.901794142247974
0.695094668006401,1.22275151687155
0.676994908611123,1.51765674817127
0.69988793142149,1.75257153086038
0.777662548765478,1.90271203178825
0.946618564354614,1.95631812004323
1.24446785475012,1.95465099032255
1.71908046965264,2.00340759171092
2.42520542526449,2.18002139959663
3.43156907177989,2.4342060956159
4.82388724834,2.64356102937936
6.68707065080454,2.74663080387917
9.10377110086569,2.75484216394354
12.1122954355179,2.66432998380615
15.6544671478898,2.48050424659974
19.5979570615478,2.27475798367414
23.6832112607153,2.1519212451289
27.4752783951466,2.15935103241192
30.5010318526957,2.24738201725541
32.4763940943405,2.34776823663716
33.3374686364602,2.46843924467821
33.1277068195052,2.58341692193068
32.0209130036672,2.66961350546362
30.2836892320109,2.70473332506191
28.1348724401085,2.65050629306706
25.6103048609552,2.51392893138586
22.6544140996485,2.32580290486803
19.2987477358929,2.16653235386546
15.678055635283,2.1403714202805
11.9662484217192,2.31217317354299
8.37543385057088,2.66938914451841
5.25298192108805,3.14079417466699
3.02104656929662,3.60803772667636
2.04994999978655,3.9672079079238
2.61603828822252,4.1486738607071
4.92791037879522,4.10570245316681
9.18594798949591,3.82660403994144
15.6153515867465,3.34026509144846
24.4620623873253,2.73090790596354
35.9818351110208,2.10370134756892
50.5086312210787,1.54699634792098
68.4998013693752,1.19150167558675
90.3781907069311,1.16822430411228
116.666380546043,1.54220965687713
148.027873825503,2.31438800801866
184.268393171444,3.34883090868206
223.080051471274,4.45641036731987
260.068867892909,5.37037649605044
290.371559434125,5.87926994149087
310.169667651065,5.93140394910269
317.098192034774,5.57771043015208
310.457508090784,4.99682774738084
291.204273465796,4.35170850433931
261.503834639185,3.78765685481207
224.382768486153,3.38893060177903
183.472093023517,3.13836681590179
142.535514271599,2.96574592055246
104.816100569771,2.8571685659314
72.6088965067544,2.85726298168167
47.2624437678478,3.00758650495543
29.3234478014859,3.29657694636976
18.7801757885638,3.68689019079627
15.5468650383245,4.14520911862218
19.7819931400241,4.60520364507697
32.1059425766475,5.09635388316817
54.2292187070013,5.80910360123832
89.9629343068119,6.93853982413538
145.570539333573,8.61422720799064
230.398857264285,10.8148734573251
359.075959653704,13.3615770773939
552.006807790684,15.9474376788649
832.861792667236,18.2086102629728
1219.20161508252,19.9706463437169
1707.75056713563,21.4348566773004
2270.94412209894,23.0128349569063
2864.39748374741,24.8323469985616
3444.46677170369,26.1945479825653
3986.58514024542,27.1450334379347
4479.33511740888,35.7635609953989
4911.80381754923,85.4384180524128
5269.38748015538,313.53773515851
5535.76489931863,1287.82147235879
5696.41066788576,4700.44196545603
5737.11841985842,13953.1224877239
5648.02616814988,33449.6492190115
5427.3099271049,66544.7212477604
5079.10165470612,113841.032027213
4619.27601306163,173487.650642446
4078.57516248432,242519.78046977
3496.17567234649,317977.074475092
2910.32862725214,397042.752304729
2351.47978306567,476025.016907814
1841.05436301849,549380.186183973
1393.4233927553,609825.048501072
1017.40105603119,649823.869765406
715.705997995754,663720.716490058
485.051006058095,649171.647046713
317.392826003161,607532.164815047
201.80138724613,543830.796091866
126.549748939156,466173.500177891
80.934106943055,384151.212716617
56.0930811864863,307085.2589913
44.9575576944882,243071.231116518
42.0072426367529,198422.423161162
43.2189453086303,176663.248749462
46.0605840033664,177416.897995022
49.2519874919401,196785.607539583
52.3312243800076,230210.808552284
55.151043131764,276117.589914464
57.5609259515576,336903.358871676
59.6936421696365,415805.260940296
62.2172685152799,512558.908220703
66.1647327865729,622223.694085008
72.5336467881841,737624.066883549
81.891790778239,851810.404674147
94.3609911061228,957951.087622486
110.058868931105,1048223.92091207
129.61215194598,1115288.65080599
154.63630069306,1156557.86474702
188.394898177837,1176617.14554386
237.218752309146,1184041.09378098
312.013798259917,1184914.47770941
426.297063280628,1179227.9390465
590.668833777272,1162944.26337663
810.417734971979,1132410.29186605
1089.94396780182,1086745.23075685
1436.70599587352,1027325.46000273
1857.06876554475,956329.792724166
2351.78463200915,876056.481630881
2920.35460362475,789095.955337669
3562.87379107193,698545.489392543
4265.20758402795,607626.251358185
4987.83420067341,518935.820913175
5689.48049306526,434146.057121369
6360.58821285851,354393.274297367
7016.33041249174,280741.224866816
7673.82429856707,214312.283156205
8356.60150161179,156262.963037497
9098.5286708443,107776.086991523
9922.17401517714,69892.7458903081
10794.4422914275,42834.7215624629
11613.8531724065,27019.4797646372
12258.6891008009,24919.576772391
12639.9702617774,41171.8187978129
12717.9361909731,80901.9429416761
12475.8073153812,146729.648012329
11912.4619643018,242373.494452017
11061.9514217206,377373.590100366
9996.98300564487,562053.78839898
9003.63067241803,795894.641667196
9240.85785097643,1061364.66810922
14343.9715775152,1329331.17894969
31931.050232363,1569148.99006114
73316.113899814,1756322.62304307
153585.39050349,1872912.25037588
292265.98060004,1905377.34766983
512725.088018309,1848610.93638772
840354.940569863,1711851.38206305
1301279.43974507,1518621.47040502
1922576.09783311,1296258.56777056
2731880.18151462,1067458.99485349
3751585.04981995,849204.655137533
4986629.40726088,652822.29710735
6410216.84256633,484597.20051292
7952199.53692794,346631.165527317
9497875.4639113,238011.909916247
10910841.5104896,155933.880643844
12070991.1987562,96569.1793832889
12869017.49717,55702.1024819941
13154777.7619072,29199.9091194556
12754454.6427959,13324.7343370686
11601708.7121811,4885.3526818057
9855488.38418608,1303.36687642023
7861349.98866224,618.173810826092
5983406.81951007,1423.67481762761
4459111.71870916,2779.53737543638
3355033.46650472,4118.61174035803
2611769.52858807,5153.49612283284
2122622.97024657,5785.46715959739
1793256.90754262,6028.58630241621
1570641.83645945,5955.79248473934
1447133.29297836,5658.66740342047
1443555.13727469,5220.07703410593
1580285.77149116,4704.96302750366
1856759.31919628,4165.41710747293
2252653.4062765,3646.00142486193
2740326.91910201,3181.76007734836
3295408.30426676,2794.51670129978
3900664.91303222,2492.1397172553
4542047.0011499,2269.05427473477
5201780.37656112,2109.94947392016
5856542.70230421,1996.42098993709
6482471.00152751,1911.85188441208
7060386.46593685,1842.44097344481
7575897.91585238,1776.85021679472
8017104.48511164,1706.91390137505
8376625.3762922,1629.14009306005
8659205.84647846,1545.85385197955
8888609.01638213,1464.73832543843
9101220.88182041,1394.83595452241
9322427.41368184,1339.90908425907
9543538.13897423,1295.6709974169
9721348.31883952,1253.06542876161
9803591.45318826,1203.76785823077
9755378.40483816,1143.24679909467
9564612.4610224,1073.24602841909
9230192.74574474,1002.50400032073
8753995.8996284,944.412286774345
8147290.67416429,910.615990730356
7438615.3622949,905.359340073464
6670083.1516991,931.999049671471
5886634.4630971,996.693924443013
5106328.94425232,1106.32531207026
4310602.17318188,1331.49781180242
3482272.33966755,2186.46455825761
2668985.17859323,5762.85479483711
2001017.44211551,17239.4476109174
1605746.01990597,45716.1392107901
1533237.78970045,105798.892827608
1757878.32400372,221189.462390234
2193209.83498873,428825.126610868
2705944.64047845,781381.090774249
3148939.56002834,1344853.62646206
3418161.77781078,2189728.61593366
3481941.20362611,3384830.1378986
3358110.3068303,4997492.33734971
3087515.05980294,7076610.37080117
2721248.93354778,9603150.89810939
2309061.1722982,12446125.7440231
1891844.64959392,15380238.5584114
1499284.66421502,18148751.866316
1150582.65827951,20472071.7453145
855357.859622112,22001864.6709199
615463.608282811,22389713.5669077
427558.88259415,21480134.7613102
285511.425724611,19420601.5531417
182083.591054527,16571414.9232551
109860.848063013,13333383.6588028
61803.1409646347,10066182.443265
31664.827412446,7067726.30197459
14240.1563738947,4555430.17367681
5382.76465206492,2655007.70131873
1901.17367313788,1401988.59822406
1438.6182385987,757715.45590809
2359.06964368602,637493.912346049
3627.04068247968,941943.714414973
4672.41394182011,1578018.33252495
5256.15274563205,2463808.9036602
5350.45720367095,3525450.40742044
5040.0999024192,4695939.61961183
4449.51919464616,5916376.91421909
3700.3054045984,7136159.22264868
2898.26666702171,8311606.16462027
2132.58254565722,9405907.48471813
1473.88768477775,10392307.1960826
971.074123180756,11257646.9317951
651.116772925724,12000466.3371017
521.866371643183,12623136.3858569
576.604552928508,13125131.940017
800.16130878378,13504765.88903
1176.05297628783,13767999.2809632
1687.26986262387,13932933.3189663
2305.35987867636,14021206.6065567
2978.89152038872,14041327.1210278
3636.99685026936,13977183.6694999
4209.40467297752,13790274.6945383
4648.63725363595,13433599.0148657
4937.00004122399,12870058.6179812
5083.19837219813,12089785.9786127
5118.09188499521,11121626.3793803
5081.89673545496,10030885.4991003
5003.35296268655,8900047.66218831
4883.27201913547,7785483.55285116
4702.37058387338,6678719.03229018
4461.44253671978,5553348.14282328
4226.85979928477,4447711.27230931
4208.71666884371,3485554.06928662
5366.20745903971,2794039.88575386
12145.4705906238,2437136.79484175
37847.9448887715,2422183.47943036
107158.875058747,2700315.65301979
256089.948478316,3167211.4909703
532304.630239898,3675616.43044353
995316.682082898,4081352.0809008
1712981.7210899,4282340.66287607
2750944.0522081,4238511.58519171
4165322.86751164,3975293.02663084
6009894.96027299,3554626.93215202
8328630.76011333,3044721.0142149
11092978.5830014,2506999.64936444
14136372.7102308,1988723.27374912
17182067.8164797,1521643.41227568
19957798.6010929,1122914.31859178
22219246.7125798,797804.881534434
23639184.7802141,543680.189272039
23831311.3623195,353150.925820228
22580593.4107675,216501.69190862
20049148.5751976,123360.814114688
16717351.9603215,63737.1032177134
13146908.2291798,28645.0941505058
9797811.75554724,10468.3504035592
6943418.34929471,3145.02132593086
4673504.28581684,2143.9769925744
2971116.69935856,4285.71645895574
1797233.61549668,7499.18940505478
1128253.82056207,10560.7143554575
943362.392479776,12846.0104343463
1201237.03242707,14123.0697228036
1838086.74035984,14403.6733670252
2778657.15530143,13836.5581091372
3942948.88012005,12632.4587154809
5249554.80802677,11021.5123752857
6622404.74532777,9238.95429229641
7999405.75180421,7517.58705056793
9335415.95012677,6048.18759539537
10598198.6430837,4928.99149859853
11763585.5913741,4150.14336315776
12811196.1809758,3625.04507556776
13717401.1268535,3245.91822924985
14448382.1977387,2924.64740095649
14965139.0213136,2611.01142103787
15246022.7371194,2293.97048602217
15313472.2768418,1985.82701080728
15236682.6744735,1703.01287634091
15098967.5690282,1456.9766335889
14952628.024635,1254.13574985589
14791109.8146996,1097.94653891576
14554359.1955131,988.639439479798
14162598.236988,923.461915969025
13558127.916204,897.456467183466
12733541.2844987,903.799636962779
11733232.2943179,940.746360306759
10635163.9593395,1119.5752264632
9514994.23884135,2100.30309062597
8384068.45316379,5925.32373838333
7196697.6957073,16561.2117679294
5949387.42200198,40566.6962876699
4748422.0702779,89223.1228943224
3766280.20140146,180966.564620984
3136483.34549369,341367.690034042
2918598.87790438,601219.588959651
3082372.86743665,996066.238181256
3489717.13322672,1568135.91969658
3939371.16005732,2367757.21659782
4262465.54674134,3449369.73678698
4381719.24113522,4861320.73560702
4292738.40796822,6635691.57362472
4028110.68885109,8773950.29084607
3636901.43308694,11218572.713294
3170597.88827475,13833708.2485495
2674950.80798695,16422961.3912365
2187247.76776389,18740648.7745233
1735873.73125911,20459029.6380826
1338955.36286239,21215402.7566631
1004506.6044124,20793911.8270064
732960.05590311,19256104.8414309
519775.887948893,16876888.9113062
357542.965663048,13984740.1556439
237690.575170731,10897829.2099637
151818.368452866,7919805.34950563
92438.7589032149,5307458.95426524
53175.4736710217,3232234.76522882
28679.763099506,1768818.96225384
14512.4283979978,910556.612704269
7071.32059446265,597851.481142214
3584.52601043832,748261.912385897
2140.05732989389,1277605.79249465
1625.18269284201,2107371.1993664
1462.98586722126,3163977.54885798
1381.37044018019,4377347.3836712
1275.70809529332,5681641.91288144
1125.50410009493,7018396.99460515
956.486030897361,8339312.170369
801.840909518711,9604525.35152412
675.768511719859,10778609.3234479
582.219005852058,11829443.6905117
524.643803393965,12729792.196065
507.568578022705,13458840.5876211
535.721514592181,14007130.0102147
609.87047836085,14386884.4997948
723.988683777984,14634041.6608826
863.427751556179,14789280.9691579
1005.67989260882,14873005.2843477
1127.97592970588,14883692.8175402
1217.88811311408,14817525.5002548
1276.73655868058,14673849.2363607
1315.58348194508,14433392.3383048
1351.45256464221,14043412.3411113
1403.12524081501,13443920.9967285
1480.05485863498,12614610.697073
1570.71928246357,11595214.0397238
1649.06936175027,10473547.9976449
1700.94868041645,9331246.47360422
1749.75050437954,8181085.4588449
1912.33665320515,6976287.61265476
2653.54656303886,5712798.60772696
5856.88520219232,4526932.40208776
17614.6681624706,3628073.81828965
51975.6428745929,3154595.6705781
133221.531290512,3140113.77273251
296150.364040779,3511885.8167633
585069.496367874,4114145.36739668
1052605.21064176,4745599.19998009
1758649.16527162,5227036.72842825
2764302.35247751,5453013.13496117
4117590.47837224,5392571.69516494
5848422.14323873,5074193.29873382
7969322.88279543,4564015.43428614
10450739.3319831,3938202.07610664
13179778.4810984,3269313.58086667
15955103.3651423,2616401.49287094
18556687.2504573,2020900.47798936
20778933.2167644,1507040.40089991
22334449.3915988,1084114.0682767
22834096.388564,750471.955795129
21979181.0282151,497747.157380741
19806556.693663,314117.982805878
16714194.10365,186639.329978103
13251692.0538343,102783.901845642
9905198.67282319,51335.8548133366
6976012.82445478,22787.0594689115
4574909.8540137,9446.91641700078
2711988.93624382,5429.20463969901
1385027.29306572,6487.72481335284
596456.127467406,9742.17643837604
323091.583295106,13384.9510495145
505789.748673596,16406.2005636546
1067009.38082023,18345.0207105875
1926978.51039644,19083.3279731795
3008255.18401518,18704.6669767718
4235537.04335136,17412.5097505799
5537672.36234721,15477.5252354076
6851528.24080253,13202.5788726179
8125910.92566465,10894.1945432163
9324458.90194147,8829.99642650166
10424677.8044505,7202.92408582289
11412494.6703595,6072.64301597735
12274730.9006218,5371.38106004793
12991413.4407225,4962.31238143962
13533732.1130961,4704.57702781466
13880159.9414615,4481.69311744617
14046363.1126745,4209.71500473723
14092109.8341896,3846.99192561847
14083199.4362633,3398.10950241522
14045855.7546727,2899.09345403854
13964607.0469508,2395.36952696343
13813755.6594694,1928.42361349909
13573860.892105,1527.90735899136
13222683.5189712,1207.69643762794
12732740.2711555,965.509815697382
12089899.5972988,789.219658459606
11314417.0681089,666.675166756481
10460576.1494844,593.211007611206
9547958.51096548,601.913004159493
8498443.57088296,992.292893205118
7228301.51148258,3173.88966798667
5809150.31553912,10922.6418543446
4497575.23970097,31201.1548279918
3569523.91453565,75692.7367653757
3147716.29034889,163748.801368839
3162915.0628751,324442.056851363
3425918.72773473,597538.799556351
3729687.84670203,1037104.45858366
3931999.78370969,1709115.8362865
3973750.92432771,2673916.45500505
3847321.05217476,3982315.1253643
3575746.46055463,5683369.33862113
3198105.83436412,7799926.39462747
2759772.86746668,10272503.7419979
2304022.71652313,12940295.2778664
1865178.31735071,15600856.033802
1466460.25978222,18053387.5348412
1120736.1066886,20019049.600559
832731.15946506,21126212.1016294
601251.588995324,21096777.3564781
421126.191334958,19926759.235574
285189.574379146,17856586.2377721
185817.28091247,15189707.2911927
115718.193445705,12216928.0870751
68293.681566381,9229946.23801675
37842.7700712498,6494565.87725993
19578.4207874276,4205858.83509364
9574.84417852846,2468427.55831837
4746.23656175232,1306838.25629852
2830.81863904613,688874.111556149
2302.27289523875,552016.081372815
2243.47884101401,825166.088053445
2193.80196290465,1438630.59983455
2017.66305958028,2324219.17446263
1742.75756273371,3412046.73982246
1431.24838875583,4629795.371508
1133.35341100424,5907195.97547646
895.131285079919,7183552.01012905
765.652831120109,8412774.10739065
752.975387644366,9562231.75770531
842.368056028159,10607494.8046282
1016.34988880764,11527664.0438595
1247.38323395241,12304027.7105937
1514.82713360471,12921690.5803121
1803.55764990829,13373041.8731583
2096.1709436747,13661738.1754796
2371.28167911828,13804181.6252804
2609.82512046266,13822202.5340849
2799.81288220478,13726977.9588621
2930.40280671482,13514551.3188734
2983.95063368081,13189290.382277
2948.01119179991,12788566.7211845
2833.67550080383,12367506.0375117
2678.09700039133,11947812.4227516
2529.9194695217,11487614.1355777
2427.43086712892,10914511.7823377
2382.70377791335,10193411.3980393
2375.33515574465,9368149.29033236
2368.19281367396,8498694.10841887
2361.63374290307,7582347.38409647
2591.50991201193,6560502.34778752
4301.79063717376,5396730.58979751
12208.9099685918,4223924.57913209
39611.7892502675,3291675.71706877
115127.408228467,2827363.07060847
288371.309066951,2909101.38626649
632495.837215663,3427175.4371146
1250960.61948732,4158005.84445968
2288330.81984952,4859090.33957833
3910444.50712718,5351108.38470745
6224769.73931433,5549501.66951004
9185553.94329974,5447947.77535087
12563315.7028904,5092121.91584371
16018387.0420924,4552283.36423838
19218679.5293461,3906730.87003413
21796640.5626852,3228121.99880513
23238551.8329041,2573331.36126791
23067874.961935,1980651.21230828
21202967.7223082,1470984.59519427
18102932.9949223,1051380.45864729
14491603.8421196,719512.503011482
10993273.0066846,467495.686593153
7995611.55165002,284600.569273808
5651648.79377446,159038.061161062
3963200.55603944,79040.7298116165
2884351.81140073,33487.3059780764
2374044.12299317,12339.9877965072
2388981.61474518,6961.90527981165
2852824.1684205,10331.3202805811
3646552.16403028,17151.1018417366
4636444.44483916,23854.5809973452
5711459.71400272,28483.172028301
6803224.60645167,30380.5343589475
7883236.2630878,29751.5717986291
8945286.03656446,27231.5693163456
9986281.83690813,23572.7846213492
10994690.5698079,19456.9728814499
11947913.6288883,15403.8420423444
12815137.6682897,11750.566005016
13563862.3302159,8678.2324486458
14170593.408306,6251.41214300006
14633208.7372809,4450.13864848754
14977301.424937,3198.92405857156
15247584.1498253,2394.28582887381
15489929.6733178,1927.46799461831
15738506.9474047,1700.64175383101
16009620.4025996,1634.70565863778
16294698.8685906,1670.67381345249
16552729.5549071,1767.76869723186
16718165.0494069,1898.97777619577
16726852.3887526,2043.98102610844
16537356.3768721,2180.10410403086
16130346.2283767,2286.41561750969
15497604.9591675,2352.43642074641
14645975.6156628,2368.08446867469
13612149.9972687,2317.09074985864
12459340.1805305,2202.62276568876
11250724.9952257,2087.962364067
10028564.4313137,2110.16105399938
8818995.63873468,2475.12845980659
7648672.48610527,3477.9694291798
6558360.88716051,5569.72223221967
5592485.22708521,9546.93482324994
4772972.68972518,16812.8192695171
4081170.80855163,29718.4262037575
3487232.48987893,51932.9775364868
3015584.7225331,88406.4058091764
2757970.1835444,145194.360466456
2811988.47068936,229789.101063216
3175537.11824842,352254.249055008
3698249.81085546,526961.611971018
4168246.72238035,774838.892958719
4431748.66712741,1127066.26359048
4444230.64830034,1632396.5201352
4233168.02471882,2369364.76979612
3848110.18763178,3453105.15543112
3350230.93790495,5018151.2695202
2804345.64741758,7193382.48524122
2265463.81959331,10088860.4965342
1771313.26436102,13748053.390325
1342971.86776337,18035172.8749503
988444.728233431,22553921.6342386
706467.807167917,26730080.9311372
490074.715126292,29997066.168987
329472.462368105,31941901.334561
214139.588341695,32341295.0448927
134126.715863455,31161105.8233045
80701.4288559301,28567442.9789073
46561.5469810414,24909461.0550614
25849.5666400134,20673947.0308593
14082.4186012832,16404945.2419107
7963.5592535405,12594759.5080819
5148.54239728929,9586974.97460511
4060.46179050928,7531250.44987163
3757.72784987797,6404474.10035383
3778.4465780518,6068243.54088015
3963.5648090534,6326336.66649663
4296.39646721409,6969639.87019838
4805.2537980133,7806702.2432608
5533.76097230532,8682361.30678782
6469.08297892867,9487563.52789845
7575.11744024438,10161766.2060922
8862.57638189303,10688421.6905095
10350.2320055098,11083093.6936628
11995.1246352702,11375969.8520798
13662.3911456012,11594896.928985
15189.5167297397,11754381.9117034
16456.8590631405,11852791.9664966
17406.4728669925,11877311.4858535
18049.6489840305,11813930.3537783
18424.6621316781,11658548.166169
18574.378470044,11422875.1476653
18575.7007035188,11131409.1955488
18533.7481911,10814160.2481706
18525.2867875446,10499378.0170993
18538.9979286108,10203476.9848396
18473.5051516216,9918078.46885681
18193.4465623493,9608733.1121205
17613.7685275636,9235650.95773747
16743.8759266854,8779138.28446176
15668.1143566488,8247073.57413531
14494.8493590159,7660454.6041505
13310.6715315277,7027784.31355789
12183.2012084242,6327076.32563995
11206.615393537,5507962.07090004
10590.4486968284,4570736.99534285
10796.4783202699,3631583.97509768
13541.2575889192,2845989.08600984
25363.4225649728,2350545.12595028
63898.764165232,2189371.6175322
158264.489783356,2314142.17389279
345519.574370273,2616782.09966933
671838.352129456,2966986.78295695
1193500.47804888,3257311.23531582
1970748.28923894,3414015.61979908
3053083.91603911,3399843.66125156
4469141.21338334,3222277.64190058
6234015.34278287,2919245.19409126
8351439.95785963,2537502.14084118
10782006.6980935,2122096.91297063
13404280.738605,1710510.33185363
16025383.3079216,1330293.41435225
18437158.0047725,998302.028472585
20425707.0906732,721904.405423698
21711065.2869917,501560.854686257
21955078.7961414,333132.065904912
20923732.2930859,209840.11707976
18667930.4081233,123801.591994491
15535092.0429861,67047.6053608501
12020690.8801709,32215.5311085924
8597428.23826109,12984.1436230818
5614820.87759359,4251.29161234826
3267065.67595918,2083.02042976072
1616913.13139631,3551.14943139588
652228.831501698,6586.67487265167
324500.62870352,9853.34729484264
554539.646396736,12601.6259831586
1226004.2498171,14499.4989006442
2196585.84915776,15465.4964773289
3333423.78753361,15553.7046848273
4543300.77233753,14900.9770364302
5775409.13347293,13706.062805713
7001251.92378016,12215.1491315487
8194028.49744502,10690.815321847
9322844.24613938,9350.06183232177
10355441.7321157,8291.96178690687
11259394.0428181,7511.94254171252
11999787.57826,6969.36288808142
12538846.0193955,6617.04616375366
12847464.9349709,6393.0101329402
12926886.0636276,6216.24783709105
12821752.5399105,6022.34141229822
12606584.5765538,5763.88703073378
12353693.6189449,5401.81989031181
12109387.5420521,4921.19791147957
11893038.0541804,4341.06722363177
11708410.411261,3707.8141022793
11544353.9182701,3070.94016202324
11361251.4997712,2472.10263836742
11089672.8271161,1941.22459735138
10662479.7586629,1494.73849625991
10061129.820667,1136.98028439726
9330527.17966128,864.830041462886
8546696.31713586,673.664838110131
7761561.34078542,558.184606474588
6958854.0713434,512.362812202854
6082021.81551359,538.708475560819
5117194.78521396,744.20707102248
4154632.74019785,1867.35967043748
3359281.81983488,6965.27773651602
2862418.59555774,23425.7634309139
2700523.76617105,63094.3456862566
2811847.76389639,142599.710372103
3067312.29301106,285821.457328805
3323790.22580117,527101.751869413
3474730.03033006,913055.891333776
3474965.27124183,1499981.59905179
3324198.95576284,2345981.09111578
3047131.80752914,3512790.65247454
2683113.39510867,5072184.22339965
2276239.34319699,7078081.5964608
1865717.64680528,9507147.7255871
1480318.38665922,12228591.8622999
1137982.99747618,15038308.2769395
847744.464473372,17717818.7382494
611702.008469875,20020077.8070936
427001.016296466,21625871.402055
287740.256951295,22215243.1336299
186563.83829408,21617280.0022335
115844.302987736,19897285.2419943
68443.5698788592,17305148.612843
38160.1574444168,14178956.792105
19929.0386731304,10891373.603011
9815.77030007512,7795249.39898369
4881.51642656797,5169349.33122641
2998.44525503718,3184058.92449596
2680.52449400874,1892819.92553392
2951.65217159957,1250930.33256879
3243.51510157811,1153261.97082994
3299.40868789746,1475869.16747605
3073.44376414041,2106025.52756216
2637.76163343761,2954040.90464566
2107.78263114078,3951439.52780227
1590.57365183496,5043191.65911646
1158.98326767191,6180634.22168054
848.951574510489,7318304.37757601
669.613565303913,8414578.77182773
618.285110069467,9433998.51971337
694.271546187609,10347563.5925089
902.137085606212,11130206.4771879
1244.14558315289,11760485.3212477
1714.10574083269,12228135.3561433
2292.50124048666,12545298.1415918
2940.44085420374,12747746.402204
3600.73053183397,12876873.2556804
4211.58115957222,12952452.2682889
4728.02283404928,12964065.861222
5133.09393500039,12894672.1771333
5437.12428419911,12747642.5514979
5667.29782761972,12537434.512256
5859.47079901195,12254858.7392897
6069.3466508734,11857364.9055371
6388.1468104253,11299913.424001
6919.99217562768,10573571.1455947
7745.05196343357,9711485.17020634
8896.71453280069,8754738.85071552
10328.506454139,7708580.03765174
11893.513146634,6556041.02912793
13355.1685407119,5328088.98887576
14469.6320251224,4156847.24764855
15326.6239956864,3232193.84579722
17610.987656188,2707861.60846253
28363.7546953816,2644243.06174564
68489.8142307355,2984288.19509388
179617.061455429,3566555.04504829
424309.72178198,4173346.09452022
882198.527772175,4617553.60820075
1637353.36068894,4801807.6561133
2771131.6329624,4715687.38881327
4364298.00810916,4405812.66606815
6476583.93700235,3941056.75351602
9084630.52975202,3391685.26106371
12026851.7354745,2818170.92162459
15027391.8279008,2265909.16188459
17803412.0228648,1764487.32637851
20093762.7660829,1329760.86243443
21556510.9315538,967471.181651849
21803791.3099369,676444.40692906
20634908.0519415,451299.375443422
18230745.620049,284249.689859035
15081362.1316979,166220.207405509
11734023.805654,87821.7496447145
8625097.04482143,40064.9568301391
6005287.03406997,14803.5514421535
3938010.03331981,5014.31420299903
2388943.41802665,4971.47870806681
1323938.12556578,10295.4857296597
740361.301353807,17848.4780129798
635052.243914817,25510.3660701202
967659.096100059,31942.7431890095
1665608.4044242,36409.5648379336
2644186.10550799,38630.3515315491
3813268.40813696,38658.7497876919
5081147.64428803,36784.111657259
6368358.50744132,33452.0875001
7619029.59298708,29195.1997617696
8793616.08529028,24567.3216002544
9852831.19627672,20068.6192916527
10752577.5471557,16050.1574239624
11453079.615165,12652.1341900364
11931890.1779017,9826.31809165093
12192096.3482722,7437.49946258026
12260879.2317851,5378.28960291258
12181642.9031238,3624.49253252011
12012530.9440944,2214.3230050615
11838488.2836389,1188.80014728983
11763477.2490354,549.645063187092
11857451.38527,249.268218724881
12101173.6539827,201.16031370262
12392026.6953921,301.954391467682
12613371.9109164,454.835495481692
12691054.4384689,589.464992800764
12600097.0868719,669.675164198604
12350641.9750238,687.842996187954
11965427.5256587,653.589184972175
11426011.3195997,584.832450884984
10659645.8847514,506.852934169188
9631038.59944073,450.749243906519
8455151.35875165,443.769240988152
7360720.35367522,507.51090681388
6497937.01445077,702.907707169668
5837480.70793715,1358.63346195463
5254125.52295056,3986.94031665254
4666331.68403627,13895.0496730019
4079200.24073808,43570.7545137689
3523326.44563998,114137.258159102
3009132.50128813,257178.118346391
2529133.50323853,516891.526940976
2080843.47366813,950367.6764466
1671609.22786027,1627475.10152334
1307990.03612499,2632130.08717793
993041.7662472,4049176.00455003
728644.149201485,5924617.37709078
515485.829766099,8223018.79852845
351147.646696295,10809537.1689777
230278.523217364,13462161.4438764
145648.168984219,15880539.5526152
89109.1686630069,17742193.8836167
53074.09504341,18799763.2187197
31320.8162660634,18932789.802424
19033.1663810117,18152494.0817494
12660.4069098133,16558489.7907292
9698.99985186688,14342458.0077975
8463.06970860092,11783750.3305471
7887.43546969745,9199672.8771813
7375.79354456813,6882005.77747722
6669.3968416738,5037213.85595271
5742.98538596626,3765322.00433789
4720.59443876897,3069074.98957156
3775.7377301748,2882424.60565405
3038.15973971059,3105832.61477956
2545.37313448196,3634458.10951624
2265.29177433505,4375178.47750412
2145.06334971573,5254614.61758691
2135.90855034443,6218901.05918107
2197.59435666918,7226696.68767684
2300.71976293988,8240606.8060632
2435.24364930077,9222663.42697558
2612.9787374094,10135407.0093109
2852.45896419809,10944966.575065
3156.56978789148,11623230.5568122
3501.20734938954,12150711.5758927
3841.2982318455,12519521.033874
4131.363932282,12731891.3745671
4343.72211176774,12793016.7822361
4470.42093834287,12705699.9871656
4513.21021845571,12474477.9837965
4473.37282093088,12112604.2276136
4349.91642618363,11640239.1186413
4144.36167634907,11074254.618343
3871.34778874391,10419954.0203756
3567.42551811243,9674165.36200513
3286.70044342658,8839369.28938043
3082.3311944273,7937674.57469377
2974.01104266198,7005962.47350738
2952.38301350094,6067523.03559451
3047.37130035941,5111413.68339826
3453.1491540813,4141330.26724502
4662.89168361338,3234350.48340657
7624.71279568883,2520921.04391318
15214.3792980491,2100987.28278874
37851.5480246755,1992497.62927036
100051.381411204,2148595.60428901
238035.54077121,2479083.50901768
496119.204547297,2874699.71922912
928525.350017887,3231563.192648
1600132.22081928,3473112.92010172
2580297.42292648,3557270.58661739
3930846.56660401,3474036.232148
5693050.12584008,3242797.06691416
7870483.25496268,2901288.93834652
10407338.0102227,2494154.15361962
13175186.9925351,2064676.83069278
15984642.4887104,1648408.85396312
18630229.7629706,1270087.09130063
20866144.2090284,943977.932659692
22327695.084376,675313.936386035
22625242.1453049,463004.495475009
21585347.3570199,302053.512021292
19395803.5422557,185430.137375702
16491813.8432949,105312.791017488
13335231.6549586,53851.686631782
10300205.5655595,23710.3194027472
7624241.32890523,8466.5295833428
5416921.51514542,2855.71010110858
3720585.93436166,2842.13900266886
2552151.89563454,5541.82130727358
1906065.35733672,9051.15070089032
1744937.73214634,12239.5797325386
2005488.60405834,14546.5089575882
2614038.38176738,15797.687944008
3493061.0148004,16052.6457700155
4560757.68584186,15491.8167429276
5737691.38472644,14345.2257751212
6959447.79125181,12855.2778722726
8180498.93968648,11259.7724024344
9366220.0550456,9776.73732570779
10485367.791808,8567.45773322899
11510360.6757953,7697.39123903099
12418647.8945909,7133.71933356881
13187472.0333173,6781.04767426851
13790691.2820885,6524.93062596524
14213288.8806752,6261.85641085096
14476599.0321278,5927.12743807393
14641848.1373817,5510.31663986653
14775057.1671729,5039.60233734069
14905194.8809372,4552.30016464453
15021410.286596,4077.21521418563
15102446.6497017,3631.19628459382
15130890.1764226,3218.40040939423
15075192.5213403,2832.57165540747
14876143.3695834,2462.74259327899
14471858.700857,2106.58206191507
13837875.6561336,1780.05432656385
13020326.3092175,1512.09385818289
12087750.5386935,1336.17869671561
11026556.5963682,1371.11818120543
9751781.38923164,2283.28557215102
8243578.97982967,6543.24399328609
6661997.77668606,20016.7074281028
5264609.94468526,53267.4827364273
4253078.80100554,124255.721641123
3710721.4013014,262299.949929575
3578034.34226209,510881.455445308
3696973.16282539,929505.651193131
3884246.12737015,1591950.28566386
4005962.44141754,2575071.38352637
3996811.70544925,3954652.06259383
3833139.88254804,5808943.62838105
3530622.73766998,8187273.56861863
3130179.66466163,11040252.8131755
2678118.67314555,14180050.0814503
2215785.31043962,17337946.4671093
1775185.70509937,20261523.7856177
1378460.18165231,22674241.3722576
1037959.1440042,24197607.2447797
757442.963736128,24471655.1798192
534586.763417636,23375510.5416729
363608.117614631,21107775.3964301
237100.286200927,18037456.7960207
147098.197254403,14555741.559836
85831.1415563429,11036132.5941015
46297.9753573219,7803728.52505079
22547.0985851984,5102354.75200598
9710.65936008891,3073015.69878618
3934.73268143027,1752805.90414782
2286.02684357307,1095245.43146563
2662.09245249081,1005859.41532159
3691.95881356859,1377957.34794555
4609.67181915891,2112124.14012114
5100.92675502469,3118531.86107998
5133.94853552295,4313227.24785004
4811.6067405233,5617519.51687243
4272.38978008398,6960972.01754698
3639.87877254701,8285121.76358344
3003.30241687929,9546533.49347863
2417.63408168009,10717935.075759
1915.3107203294,11785208.0180962
1517.46724805477,12740346.793582
1238.54900218033,13572475.7135054
1082.49871274186,14261923.5436304
1036.99550763793,14791792.2856347
1074.75305043269,15175342.5422195
1163.20600805072,15462469.8162767
1275.51382004628,15702739.2545152
1395.86643431199,15902386.067658
1519.46510607143,16023419.2181565
1649.67508291986,16013512.4911222
1789.24082454957,15823318.0249856
1932.56662996041,15408490.8043039
2065.61031512606,14741864.6303065
2169.60063451773,13833224.0237927
2231.83870237222,12735786.9904952
2254.37075181272,11527633.7311807
2260.26933591335,10259011.8817795
2354.49462340803,8910690.16972884
3231.00906185283,7450904.24559307
8099.30794189252,5958695.37813755
26218.4213285168,4650438.39954388
75509.387612384,3727733.93872836
184602.484712525,3300506.22624709
395657.314359681,3367018.24412735
767225.634530193,3822497.4617685
1374498.34008966,4470769.28919363
2303410.9303248,5077436.34391681
3637666.09789939,5468823.73428497
5448195.63707247,5568983.18048984
7781514.61620387,5382566.67551369
10619728.4130319,4964013.70501589
13825325.6622896,4386605.40583264
17140945.0254938,3725367.41087326
20294975.2648226,3046898.38965679
23079431.0357837,2403414.69101359
25237915.6028066,1829551.92725046
26361486.4634318,1343376.95450162
26033726.7959095,949682.830362186
24133055.1580725,643941.368672154
20964145.5631299,416105.791698939
17100563.6437888,253582.34023947
13143854.8073095,143344.200246946
9542248.8346671,73226.0324138689
6515885.03115919,32508.2860341596
4117720.74281764,12104.0009814291
2351370.86430828,4662.32499263343
1228964.27338131,4603.19579132893
746854.075999165,7978.10973039648
850628.358051173,12214.0223593569
1444927.7178404,15817.8270016751
2422573.28990103,18083.1372407801
3681707.0386644,18836.7005111942
5128959.91111901,18240.7788101041
6681195.23771412,16641.3712455223
8269560.25015139,14446.5285876567
9837572.88390429,12043.2030916256
11333250.3631488,9740.73773875946
12705608.4938847,7735.89683474294
13910199.213621,6109.36601393358
14915256.135704,4855.09720412953
15700240.4826166,3926.7591086591
16256898.6711644,3260.24422116459
16601517.0131309,2781.86533499194
16781128.9372773,2420.27682743716
16852302.4118037,2120.56158037651
16846216.74125,1852.57501087778
16760227.176663,1604.9707007994
16582156.9461975,1377.51411379322
16303029.924519,1177.24151610868
15895498.8470487,1013.47403920005
15303186.6278544,891.953870161327
14481856.4080832,816.223446930108
13453366.1285421,794.716816085295
12301316.7296297,866.537939063776
11068477.9456542,1290.0922331463
9694534.25652791,3292.40334505421
8122080.173087,10511.0694100445
6450079.54380178,30191.9544012274
4956866.30436693,74420.6735117642
3933782.27171728,163624.782165129
3520587.25075325,331468.951228821
3640315.25078897,629160.224980562
4054153.72902804,1128951.61309018
4494282.4399362,1919571.7561943
4777781.05593148,3091717.60874665
4833718.92978137,4734607.85153647
4662149.34787357,6924957.27370663
4304824.46673124,9671823.96264579
3823057.32896512,12852112.0950839
3278288.41735894,16222162.9590338
2722260.39793722,19514694.5228813
2194309.81819468,22458944.6662081
1720481.062723,24685106.0344042
1313955.60428711,25749001.0579052
977495.058228656,25345920.7238554
707305.33501056,23505097.2751527
496546.544101257,20553170.116512
337107.198583397,16936734.6059953
220347.188681361,13104895.4346797
137791.967910601,9453477.65906562
81787.0027972227,6291239.55351231
45692.4702265993,3817267.97386329
23845.1592980949,2110955.33096862
11620.7969900149,1144611.46288815
5455.48754194933,820356.396324079
2789.04088319023,1016566.68627394
1848.25653567935,1619950.76442649
1546.97958081416,2534676.75171438
1396.86057924252,3678786.42744316
1245.07476429229,4978576.66849883
1078.46271305112,6365337.10748903
914.777164900111,7775978.27488608
772.069882811781,9157874.199031
665.769255760648,10473912.5659847
600.631494432282,11703218.9330037
575.857507653716,12836170.4542323
587.415779289221,13865907.4949111
630.108176294808,14780475.2656872
700.918821994521,15561783.5058468
799.453887853926,16195904.7705257
924.764825275991,16684456.1423207
1071.35328178567,17038277.2116142
1228.25727524428,17260560.7568176
1382.7173114196,17344948.6264271
1525.37238374863,17285663.2346181
1653.01443392631,17073780.2719082
1768.47764947664,16679335.3999884
1875.54553476195,16055780.778054
1971.77600316495,15178124.0378598
2044.90423427533,14078527.866926
2077.14546230855,12829759.9191624
2060.96366258808,11479927.7987394
2037.619889779,10010146.3011968
2178.11464680434,8420896.72590017
3178.68689919767,6847810.79113034
7896.38121308205,5518563.6209735
25449.18952116,4626288.58131963
75613.5471563411,4259077.05223549
190798.45379396,4396609.83112637
417018.379204248,4896552.75255887
815406.700112078,5509984.2668203
1461314.91239775,5994293.02183666
2433075.49428207,6205273.98245785
3800084.64685533,6104192.70661508
5630359.00032672,5723497.44960486
7987841.08704741,5136752.2504557
10863610.7647881,4428218.61470236
14092256.425928,3676860.64501463
17377797.8306687,2947442.68218262
20428664.6195215,2283963.74307779
23005141.8427346,1710905.76175459
24796912.2022191,1237070.76398
25402347.4133645,860520.50582632
24531000.9008369,572733.11733455
22237338.5255312,361712.306988184
18925401.3736157,213987.086254595
15152660.4662278,116109.989986263
11439531.1231318,55767.2189017344
8144076.81657945,22384.648403644
5426291.77811801,7284.94680159285
3311242.29885576,3615.32319488044
1783375.67947797,6207.72818479056
835342.070263188,11389.7178073317
454305.793973008,16757.3688431807
594802.383694623,20934.6045506458
1178330.0901812,23328.4116932163
2108528.76733773,23880.1093847614
3283903.60613332,22850.3294530227
4604986.74457695,20661.7776413747
5981925.78326872,17780.503172858
7343414.52967889,14635.4406567687
8640627.78346027,11571.0776357363
9843510.18195169,8836.75974077912
10934200.5082531,6591.20372968205
11902000.6732887,4899.64107493688
12740198.0785197,3735.22770751258
13443190.0355497,2997.9820567657
14005050.2364898,2558.53548791522
14424613.9178706,2298.07288121815
14715352.0868954,2125.87514509531
14908846.1616216,1981.84713540434
15044491.0362945,1832.16005953104
15149961.5291865,1664.37020872167
15225523.9218306,1482.0339428776
15240900.459401,1297.27502639277
15145525.0640696,1123.15405474681
14888325.6825093,970.35990522411
14440002.8138276,845.85941481148
13806869.0137685,751.181297888155
13025849.9669062,683.784599779681
12172201.2833111,642.324706887808
11302495.7639622,636.517716568547
10382371.2374436,756.82719881339
9308788.38295872,1580.61889160647
8028696.01585671,5322.92440077315
6673516.00646114,17093.6229959471
5507606.61858631,45046.1387440546
4762885.99888979,101592.924061476
4490369.06662121,207503.763085534
4546455.61682951,396885.932570952
4708277.67791678,721928.782737611
4795539.2616078,1254900.41633587
4719318.49769672,2078214.89059383
4464973.35933726,3269776.13008113
4063498.93434131,4901925.6829169
3566204.86931694,7027150.76035484
3026373.78142218,9627727.94056693
2488112.55809915,12575547.310612
1983361.21430064,15653431.685567
1533185.88751209,18591041.2663587
1149167.75888419,21047702.9571405
834535.597420066,22603066.6938032
586082.690819819,22885828.3465002
396666.171633272,21774490.076386
257391.327573157,19451732.8250783
158993.032893905,16297035.1055158
92580.7762271612,12752794.9473755
50126.8872564559,9254532.26109439
24805.6736480481,6181499.02348377
11148.0420574436,3802531.92756276
5003.11833540914,2241065.35528442
3348.21333093517,1480987.27512439
4044.16247030047,1409434.90080755
5627.25544522849,1870668.30098741
7167.30652183395,2706094.24648671
8164.00000050922,3773527.27251436
8450.71863443391,4953505.19261326
8086.40708619567,6148790.0814659
7241.59485886353,7281221.23224255
6108.98549269817,8291526.95848888
4861.68943154927,9140887.83165266
3648.44919295487,9808872.3302938
2595.62220322813,10288145.522729
1807.18436075402,10582242.7055878
1365.01306417539,10707884.3198406
1329.57671235891,10694684.7698938
1743.18550056259,10578280.9742096
2623.32707372859,10390781.781139
3934.22536313498,10153515.383166
5575.72967586562,9876367.33665917
7418.62700013076,9566771.34831796
9362.75099504701,9239465.43754106
11396.823293996,8910529.35888263
13585.7980653043,8583820.29976677
16054.287331505,8257987.16711736
19006.8842055868,7947098.59708529
22740.7707892381,7676058.85998185
27557.116347909,7447618.18254439
33579.0114553721,7227568.95494501
40637.689002932,6976128.90188211
48103.2302407763,6690202.2251619
54852.8351427491,6393112.07777242
59712.8482341839,6087529.41657743
62649.5491644347,5732366.10187797
66001.9616257849,5261540.42282314
75472.6631602876,4687683.26409095
103354.334892004,4159045.79175361
174355.713781058,3879292.08672474
332653.198978845,3970100.57882887
650766.934832814,4387040.83494239
1243051.2919653,4962987.95282957
2282279.02419294,5497063.20262919
3981741.87736309,5825650.99150494
6500851.33403722,5871101.41612334
9830358.65806709,5634796.77085715
13737111.5425522,5169957.03208404
17814727.3247856,4550614.8556916
21612809.4763151,3852432.54842765
24629334.0380235,3144467.979384
26268892.2790635,2478910.90101369
26058245.7041691,1888607.33115114
23976583.6853875,1390256.94369673
20558500.985629,986885.549398429
16583800.5896213,672567.754774386
12722493.4249037,436680.122945599
9403206.02736487,266814.706198783
6803233.92402792,150534.355712777
4937287.79788564,76224.0534653756
3771274.88561213,33429.5987649016
3264518.95204315,13005.9999064926
3342382.60979662,7221.39168556973
3876367.67857352,9811.13852255679
4716350.67366895,16028.0677958241
5735857.50544985,22630.5098510668
6846397.12707684,27733.1272397745
7994828.4977101,30537.7328959235
9155360.37452022,31005.0859656965
10311622.9283244,29540.964293434
11439372.6222451,26747.2241775806
12502195.9986307,23250.2192475239
13459593.1665705,19582.7218597255
14278238.0770202,16124.2041701916
14941163.4143624,13102.2049285845
15453318.0645362,10623.7686501377
15840214.6283994,8704.64782925742
16139266.3801311,7289.45451287507
16391862.6340824,6279.35209952589
16642448.8445654,5562.99225612219
16936502.7564425,5039.15627428408
17303904.94672,4630.87071001665
17735629.3821929,4292.86056326111
18178600.8988679,4012.71993533528
18552089.7816544,3799.13749129114
18768053.0999509,3662.72674510448
18743454.9918086,3594.23335940634
18410715.5126234,3558.55002115324
17734304.4940271,3503.7236107603
16725680.3717171,3377.08831991617
15446668.9128014,3154.1683828773
13994313.0514322,2870.6172338904
12471330.0909663,2732.10622579729
10960478.5321198,3344.04126320183
9521249.71757314,5997.27041745087
8179062.63865137,12882.1192561606
6905683.09864321,27297.5830820608
5657831.4941591,54048.6954045577
4473688.79818298,99824.8133529004
3496047.4734123,173415.864988866
2859311.67969058,286149.808662035
2603214.39991867,453113.261940985
2680271.33336039,694904.648261599
2969387.90016482,1039939.93390442
3300661.13648477,1528580.10699308
3517522.59657531,2223244.29642421
3551126.0429948,3224018.20714366
3409620.55979578,4671756.85860958
3124579.92797759,6723018.17694077
2741477.9245958,9499376.38361582
2311612.22032997,13017312.3933922
1879446.59368198,17124133.7624724
1476444.07007967,21478298.419238
1121921.40253767,25579421.2434766
825134.306619482,28854481.2847042
587082.226926256,30803118.7373307
403513.051725626,31135391.1229646
267267.937892554,29860285.366272
169952.99392476,27270070.6320832
103180.326305362,23833981.0127469
59355.5042437498,20064006.7771758
32043.6950523643,16401598.7343079
16084.7164375332,13170794.1392693
7548.32603080187,10567323.4924094
3579.59432188309,8665999.97457059
2195.0603025235,7449840.02816209
2082.81095071901,6846314.64089112
2432.41749634151,6752777.71966827
2795.41108234714,7052028.88197017
2971.8150775139,7627594.50830141
2916.79306303249,8378847.42031053
2667.27162947439,9228564.26407203
2291.14627557095,10119191.0817849
1856.77728493648,11003851.1621408
1419.57712524548,11842050.0347209
1019.63597903261,12603517.8658125
682.783486406183,13273788.4643751
423.387384954906,13851240.7571901
247.959404837976,14334416.3637937
158.268414906541,14707458.2244574
152.03626031365,14938320.5081781
220.593321205553,14998830.7617309
346.082915443029,14889974.1463863
503.229896376062,14646157.0765691
665.783373184613,14312088.835357
812.771687906553,13917287.4334372
931.67460480795,13473291.4876733
1018.06441854045,12983019.4313314
1074.78309725575,12442276.9234679
1111.36897916138,11835539.2685983
1143.55653570516,11140689.9872727
1191.21816433106,10344863.0711446
1272.08884662874,9461298.7235881
1390.87970495854,8503151.41057242
1537.76631880555,7449086.71900358
1714.21147402361,6266484.86755433
1967.90250589105,4999742.88766769
2490.25792510785,3818101.9201646
4460.40492502618,2915880.82783349
13687.1978882102,2424775.9003087
46607.1425504254,2377437.35957187
132617.928095461,2718283.38791841
314388.279959853,3302433.73425563
649497.944416494,3928083.28594215
1207878.98061281,4413714.95068627
2057774.38109367,4658966.94364021
3251510.99559745,4644682.23688227
4832235.67345461,4401511.29055377
6841696.0896773,3988200.96584969
9284261.36808513,3471076.42871468
12064225.0608339,2910767.80380445
14965643.5179066,2355890.83473566
17720664.975273,1841389.84543457
20080861.124748,1389599.15837247
21756294.9780958,1011220.0999231
22379013.5911559,707715.829046514
21666089.5894961,474144.748797512
19647037.0892015,301849.690849789
16701776.8741479,180570.007641238
13361217.8865372,99785.0975878571
10101836.4112944,49598.45177617
7245636.65941285,21321.1661916168
4925344.76244196,7783.01521828358
3129350.13186336,3414.59754784067
1799020.92911665,4121.60018678231
898845.47687925,7053.81892860785
424575.728745446,10371.8328538825
365840.373654584,13034.3260857509
678988.356598208,14592.9405537132
1298077.11127301,14995.3039863042
2158659.77082977,14414.446221532
3207596.7723827,13121.4241090152
4394558.57688382,11404.742597793
5661986.73732632,9522.33259679047
6949111.28407787,7676.80475811614
8204011.20679332,6010.75662707219
9388591.08307243,4615.48393164766
10473737.9895755,3537.68653878877
11432677.5767308,2777.93816262643
12241176.1935697,2293.336094711
12886289.906344,2011.33002162421
13373512.0981476,1852.80227452358
13719965.8527974,1751.69513579794
13941322.2785664,1663.65368089578
14056514.3968519,1565.36114133599
14107632.6627227,1449.6577989838
14154014.5972898,1320.15374263914
14220810.9932374,1185.99771832391
14252791.309154,1057.04975595576
14136730.2385182,941.047369781402
13779439.5301911,844.229398818386
13165199.8540805,773.120178625175
12345789.9506005,735.175063751745
11391803.4255083,736.243115761871
10354130.420992,778.458415831204
9214688.40884566,867.356692556897
7892867.86628307,1070.51774721751
6363780.90982562,1843.0368884945
4782473.48227431,5046.32990407439
3451445.55494364,15339.131108712
2627581.6742985,40794.6793114542
2388686.20347585,94254.6207734682
2626352.13491008,196951.971009721
3121534.55452606,382445.711856847
3640918.31246534,698886.942750645
4016200.2350176,1207988.92339888
4170762.60495593,1975994.96763569
4092414.07669741,3060867.92598088
3814149.7144882,4513739.457004
3397802.74690571,6377020.32878857
2909685.00779544,8648336.414818
2404612.56036702,11233975.3464636
1922981.75719269,13954405.958246
1491711.37506711,16595786.9370656
1125248.73277114,18923214.3272456
827127.128941214,20634998.3082523
592779.701172015,21400096.7003982
413429.603158144,21022771.3592925
279489.855900766,19554423.1308557
182160.840397296,17239552.515565
113672.838927886,14383977.0183209
67254.6182373754,11296488.034543
37208.5170214537,8280004.48451077
18898.4863372278,5598693.95474622
8645.58631445258,3440694.0418148
3616.16692715752,1901508.51477156
1678.42632315379,988714.117766198
1279.08010190265,643992.521789999
1401.74123621675,776080.749245269
1522.40489401316,1289018.03241424
1486.07683848576,2094001.89065492
1306.06736752176,3109228.08591019
1050.37590437699,4257609.19827095
808.964187147758,5467587.25845816
651.854897177224,6676810.93143601
602.519104291213,7835538.11549575
649.195067992487,8906395.60440448
766.87454399815,9860279.43411092
927.284565538164,10671877.0850252
1102.73488608801,11319697.4257083
1270.27017459104,11791940.3520341
1417.4556072395,12093253.7618423
1541.70821029793,12246076.4977551
1639.56320683991,12284729.4795547
1701.37764922995,12244189.5268729
1717.18500223399,12147551.510892
1684.51462110422,12000303.0533363
1612.73928106543,11800396.7464259
1521.90814211296,11556686.007178
1436.35071902293,11290386.0358246
1372.2159409959,11011198.7061748
1328.6658513666,10692695.3266513
1293.91277834514,10276638.8663332
1256.20795891619,9707278.01517042
1212.58279154768,8975685.48737599
1188.74784433156,8125619.52685251
1288.84657904174,7223111.37673611
1767.24958020057,6312136.28060881
3211.05502521775,5392912.88899846
7566.55127296013,4487882.44856006
21553.9894489122,3699802.31205358
61494.5987244208,3199649.04558036
156057.116634626,3135005.82250015
348510.351627952,3533206.50127496
700047.890379829,4263588.83691488
1289266.31548072,5071459.90034156
2202244.78522169,5696285.37643651
3533549.12050297,5986664.592445
5391297.40151332,5921392.86496986
7853542.14811159,5556765.88234653
10859841.8630904,4980091.5526195
14148375.6587729,4285532.69105062
17354917.8757765,3555882.7683603
20183769.0690641,2852418.07634886
22387245.6488783,2214907.40873558
23632641.8708376,1664531.25079275
23561439.075143,1208446.26522614
22031372.3745332,844203.104627343
19279706.5778653,563768.920772946
15812708.8788106,356476.777667655
12184906.9499675,210628.218596816
8835313.46443072,114255.496480657
5999013.13800872,55696.0445213703
3745870.92100451,24328.1974584512
2083598.03748763,11179.4707427686
1015323.59698762,9108.28021239151
525861.422451314,12783.3522583826
554946.756271815,18517.4420805225
1010193.31562181,24012.7528251192
1791891.87284318,28078.0720817212
2805621.94753588,30296.3271088239
3965890.18398033,30704.656830937
5198307.79739995,29570.3295790493
6442326.01311435,27260.475904187
7652879.20287066,24172.0705311919
8800727.97312795,20689.0775183067
9872642.23455202,17144.6050330975
10871518.8379868,13790.3995671769
11816983.3404931,10781.7572631655
12745762.4298594,8187.13903350712
13708223.2035727,6016.18002848397
14759501.6585618,4250.23511252074
15946240.4742322,2863.90447381375
17289802.6059168,1829.15899420246
18769812.9387985,1108.78814876851
20316288.9693981,650.572539919373
21817448.1494603,389.591967427455
23141837.5552151,259.224261621914
24165351.8898371,203.609870821911
24794613.4709342,184.796766455655
24980167.980216,181.955841346222
24716674.8213595,185.781346113732
24030747.1871234,193.368189699739
22964241.3520036,206.002725913813
21563888.2416036,227.993190875983
19879777.5677264,266.475877292381
17969926.2943598,331.92850531517
15905047.0118484,434.455608197893
13769668.845288,575.550469952359
11672875.5065115,740.360948216511
9738452.19913719,904.541165335854
8027443.57258426,1051.8496986849
6505568.92143111,1177.85750613775
5122635.23496297,1279.76701948302
3894247.42589249,1346.39603314466
2870256.25619097,1359.69548985329
2062385.94887673,1302.16894845675
1446351.98496453,1169.88296002741
991799.85697023,1023.81498884142
667495.140065704,1104.23796502274
442784.586637497,2156.72044188295
292712.664814043,7399.1201277003
196502.375361335,26474.9173307625
137279.706290933,79136.282479475
102143.592911074,200219.982586803
81656.8820552373,438680.575284663
69455.330090606,848912.879220853
61482.6213448872,1479497.1082012
55269.1562563665,2360319.44841216
49394.837290631,3491029.9538894
43244.6646692685,4834912.98893877
36782.3903072944,6323620.56245799
30273.4647217782,7867558.04270266
24068.2333534229,9366132.75275122
18472.1374857888,10717448.5673582
13683.0310563109,11827287.768234
9772.41220960982,12619292.283662
6710.38868884993,13042305.1637573
4406.64973853171,13075018.9432997
2743.41659080759,12728982.5427853
1596.46953375365,12048515.6666737
849.416117980897,11107491.2764311
401.222272588132,10001094.6490385
167.569712558551,8832159.62004299
79.9978567419905,7693524.08836907
84.6784750267448,6651387.92229595
140.562331094792,5736582.9109641
216.740532367635,4948099.92795685
290.641378208772,4266808.55193491
348.061424229648,3669921.57712857
382.68696937904,3138153.32792438
394.601796454619,2657732.03978806
388.838000077283,2221908.75321322
373.310632117043,1831438.99708564
355.582256238236,1492154.08760511
340.178976620127,1210386.43754328
328.840392243574,988835.4782736
322.59070397675,824507.693080951
322.850477227839,708688.55821399
331.229470137238,628758.453781991
348.95551926378,571184.295980984
375.690432378603,524090.353560382
408.120999659895,478402.45050586
439.812921490312,427963.902726268
463.277917193662,369526.197699671
473.114773677709,305356.079019211
467.660461971594,242532.858979704
448.597661472682,188807.280552941
419.561965679007,149304.328632336
384.850765049149,126110.131135404
348.328382784304,120675.855469267
312.486550794829,135560.450428522
278.316199617339,169739.602151733
246.178419118251,214052.788042604
216.366109079896,253710.829995128
188.888085467921,277204.270038462
163.308392054766,280848.166694762
139.352115402577,266971.458008645
117.56141841802,240629.666251031
98.9639482738109,207365.922874501
84.3688331281641,171861.309437486
74.1282568322807,137512.985143031
68.9737675420519,106476.859446413
70.9928400061483,79825.2150465763
83.9386125054159,57886.1200633514
112.526218325263,40515.4304983423
160.588190582463,27277.0853621421
229.135228840077,17575.4369847335
315.513805436438,10752.884483191
414.315133645318,6169.44832382189
518.992928720946,3253.97014838741
622.5833608422,1526.26993312947
717.452823896354,602.346187699421
796.174528542242,189.969107709551
853.759216225956,77.4335754311362
888.725886284882,119.1777470457
901.868591936297,221.05152947447
893.504088085827,327.062503488399
862.823080006616,408.631642460623
809.876019983936,456.143702019606
737.537375137555,470.84099111352
651.611414939221,458.343113885218
559.045081349929,425.888806310456
466.481492740857,381.492586376369
379.691436854014,333.303105473359
302.967062582367,288.678214104531
238.560304729199,253.273269357138
186.726356398078,230.940797409491
146.348243881081,223.987422332483
115.652626492675,232.469979205085
92.6670624397703,252.289977036455
75.4035875888011,273.817980134968
62.2091759161858,283.871305170916
51.9322156596077,271.538931558458
43.8645641855995,233.996916361287
37.6279919511553,178.429444844133
32.9729839749277,118.721800020605
29.7719827924504,69.118708373662
28.027693939793,38.8066412982242
27.7817726672878,29.6104486513474
29.0254552213741,37.1717903936359
31.5101718813025,54.1454311727382
34.6679256281688,73.3471484957218
37.6692033208086,89.4933440241707
39.5849521309881,99.4067440937867
39.7334726882136,101.61118575436
37.9076149841069,96.1812825530628
34.3518341262647,84.6348557387081
29.527380461451,69.3622487298103
23.988158237014,52.8044944417697
18.4138448216962,37.0143118724022
13.5210377937686,23.5544150681171
9.8282460905048,13.3941711791211
7.48355559260817,6.76951347342305
6.3735240577214,3.22518400524032
6.28727831924366,1.90946994406412
6.99987072213099,1.92245491318853
8.190130537696,2.56296205896478
9.37801822189412,3.3927546600174
10.1375398058266,4.21646463887588
10.304980579639,5.03675257465368
9.98122152823157,5.92548906049608
9.39815998740415,6.93672295094437
8.8218874516729,8.12609285217325
8.46250413929888,9.55936157517949
8.41075021338129,11.2934122979471
8.65934095962091,13.3324962123591
9.10822575665146,15.5282028547478
9.6066478120429,17.5685297819619
10.0254070563578,19.0450593694023
10.3347798022496,19.593948835844
10.6066455402978,19.0280893556852
10.9142403960471,17.3561303307516
11.2462823986269,14.7769535557867
11.5061121053075,11.6543289122969
11.594351619182,8.45710657962045
11.4793371409428,5.68728234623327
11.1971289417165,3.78197926659541
10.787981166885,2.94659731947376
10.3044935003789,3.05276474951708
9.79172275985333,3.7470893697909
9.28802129126306,4.64030601969287
8.86928018423835,5.44473937350405
8.56872167457463,5.99987733918377
8.30503409426509,6.22616126358951
7.97918778905867,6.09391046172156
7.64258005318796,5.6081822225614
7.42406387596297,4.82868904063993
7.34630911231084,3.89357779140984
7.32317554051636,2.97656054031184
7.2779642431673,2.2031495365302
7.23610480276625,1.61871468987673
7.30990973895933,1.20595840338985
7.62741720114082,0.948923531418884
8.21576830395411,0.821818711588321
8.94243106682494,0.793825226638697
9.61499081933012,0.84613827563241
10.0908254476208,0.943969261231025
10.290236439893,1.02218757565299
10.2058993003003,1.05186336532926
9.92416540095939,1.12373360949414
9.56686771054835,1.45569834077159
9.19778105941694,2.25809239984929
8.7994943047225,3.71557721760348
8.33448740973519,6.02668709522375
7.83429269802591,9.39259757558114
7.35831655093863,13.9200493832816
6.94075058477469,19.5916031477867
6.64954840057505,26.371836668689
6.57317062562187,34.2864479500628
6.73611825947034,43.362734621931
6.98584318934748,53.5391280917899
7.1175610665755,64.5245176226399
7.08855579232118,75.5792880814674
6.98005338747123,85.5029297457003
6.88598760312731,93.1131477702784
6.84758955825853,97.7199283875677
6.88168325283774,99.0925408877345
7.00877804173147,97.3611845955983
7.24366086744775,92.9229689753992
7.53104925562777,86.3793324641957
7.75117704402536,78.313974412057
7.83775497022361,69.1067651436046
7.8116762208343,59.0624463127942
7.71782462101045,48.4824978007903
7.55304343379382,37.7615530749943
7.30061959539626,27.4032516725161
6.98126216593019,18.0130461466296
6.58861085506858,10.2546010770002
6.09228762847613,4.73045712128692
5.51861463349388,1.86164573649197
4.97021041259422,1.79392477659924
4.55962281629712,4.44455751015454
4.32520641942579,9.55629023770225
4.26104578512999,16.8156891144084
4.35569937396078,25.8072553846589
4.59548751022545,35.9145613250577
4.94072099434741,46.327853537776
5.33102898667228,56.127783516
5.75124274478269,64.4663559404203
6.21036740921619,70.6549864103254
6.68319177317277,74.2169837273534
7.0962528971647,74.9080510027132
7.36634535702897,72.5898167935569
7.45189377623361,67.3228511366935
7.38479895579175,59.5564260259128
7.2347240291439,50.1720559998226
7.05642222226118,40.2708379318741
6.84508299717955,30.7559013107026
6.59546662279974,22.2114004001946
6.37156768121015,14.986407502273
6.20983515521193,9.30833725216359
6.07409918144273,5.28243180213196
5.91386909775313,2.82302349996487
5.72545237382333,1.65308257149714
5.58198765886001,1.39764619586934
5.51265502187839,1.69714390708771
5.45122063578041,2.26451407187351
5.32248886207264,2.9582708494831
5.10850715740416,3.73745920409799
4.85961397467762,4.56388758497683
4.6733658597393,5.40488747168199
4.6331462978574,6.26878429251162
4.79850666246963,7.17123106531434
5.15842103911231,8.1099747188971
5.56148043757068,9.06778065219324
5.82787093439326,10.004065974621
5.95212829671012,10.8719408354134
6.061916781435,11.6172140252454
6.213609630553,12.1370397132284
6.34461963242842,12.3457291456628
6.39102680684505,12.2415161638812
6.32455275383747,11.8609080807806
6.10440234764229,11.2675698116515
5.74924249542007,10.553764550686
5.38331204247548,9.78284218130255
5.17864510823067,8.94549351367485
5.20271665882012,8.01432172445385
5.37467074432869,7.03219468563404
5.63346589198542,6.0794398413907
5.92470474422483,5.20739206056763
6.18648166483077,4.44333087623424
6.37910141612157,3.7832747548308
6.49469551491045,3.22369277320531
6.55392805695655,2.75297028966025
6.57468235155087,2.37301770693333
6.60397991898608,2.11017180657698
6.72474118636846,1.96461975483248
6.9758894136642,1.92284997350185
7.36170996736458,1.958591864668
7.86476868293314,2.0265857043063
8.42565392030185,2.08934582061649
8.92429931815326,2.12523724113053
9.20009765636967,2.13619350628976
9.15638606802878,2.15499522211585
8.84266775424875,2.21105324739781
8.40911820331885,2.29759863646209
8.00500176673432,2.39932656097552
7.71343051658985,2.50220900184004
7.55496598388471,2.54553999687266
7.47845232338,2.47082247598973
7.37583478233498,2.2822757413625
7.21790998077969,2.04554646399857
7.05370455923266,1.83885833398481
6.92460154963276,1.70890405763137
6.84943028779461,1.66500496809969
6.82242011199946,1.69103866252203
6.79782952619378,1.74968251023281
6.67211382953006,1.78761943581022
6.41967288293087,1.75533752085183
6.15790871723994,1.63882003987968
6.05027636729851,1.48142538113413
6.15756212208208,1.33866885186749
6.40550183462713,1.22697192901088
6.71107343484401,1.14213985870979
7.02400611501123,1.10385351539268
7.32664116345044,1.14108058341338
7.66249168955815,1.23978549350027
8.14525444803232,1.37315051764989
8.86340008926782,1.5563371522693
9.69884094102409,1.82025519932627
10.3695162505213,2.1494934672692
10.6986841383228,2.46569418181855
10.7801358953766,2.68334898460441
10.7428754260034,2.78834311854549
10.5393730991588,2.82355977479941
10.0943160760153,2.80774267408891
9.50002443663865,2.72978673248935
8.97349374298333,2.62989863969976
0,0
0,0
