PressRT,PressRH,PressLT,PressLH
3.91010401674859,7.35099555148734,4.37931649875842,7.33535513542035
18.5132702468242,34.8049480640295,20.6019191398736,34.6761535268077
44.7763379579531,84.1501113787459,49.3930471460515,83.6649615569219
79.1963578057226,148.72834910833,86.4810266620384,147.52401240238
118.850531635098,222.962981586468,128.482778850951,220.643259615717
161.328427866004,302.264534898202,172.7235179664,298.474804978636
204.687491402509,382.966764437818,216.974820183874,377.410984452219
247.404328363835,462.225308526743,259.427705017041,454.669390110552
288.31645794709,537.890886609889,298.768377880768,528.186801693007
326.589864932335,608.437346769304,334.181658527139,596.515440684515
361.660409386411,672.871417246306,365.244167682305,658.724248726292
393.17268397775,730.623445952809,391.884992900966,714.291462374275
420.957929778575,781.466095456033,414.430555183941,763.017341777481
444.995640690163,825.441354912835,433.438863189747,804.970707727702
465.38733491532,862.804026177808,449.416722659318,840.455228302349
482.340466919502,893.948316206671,462.698561134924,869.984068199844
496.121509280263,919.347245645134,473.562324437351,894.167894446187
507.018166938559,939.54287109037,482.359121967876,913.563476408715
515.341049731977,955.113175152653,489.492944127169,928.700162115468
521.424237081991,966.637760020395,495.293988650156,940.155758509141
525.60151577592,974.69497846686,499.970857286554,948.441095810583
528.180366896857,979.844134849048,503.679404470643,953.937158770938
529.438502920674,982.596806389591,506.444182300132,956.99175421475
529.645606920368,983.412008449926,508.11019432582,957.97895643315
529.056775482399,982.709775692458,508.514880472821,957.289079622996
527.876671382623,980.867144273057,507.651376054137,955.281387671122
526.264922743123,978.208598995023,505.718317099117,952.272301440557
524.357307959502,975.016040032072,503.034260209904,948.566806679523
522.267089118243,971.529929378545,499.905814726996,944.467229970889
520.094557940138,967.935824842506,496.566105858059,940.248763516159
517.934753759793,964.363602652231,493.169036713391,936.125925328403
515.867899431815,960.896423941835,489.803011536409,932.236585665787
513.952538643653,957.59470484153,486.534777479981,928.65558940387
512.236597610383,954.515189207641,483.443685148303,925.422802765187
510.758370321265,951.702212707377,480.592796695459,922.557871252583
509.539754341122,949.18139918858,478.007263954466,920.072156844502
508.597222699414,946.955417378629,475.698052847963,917.970320872874
507.934757697595,945.009268751083,473.672739982447,916.236105703764
507.52318846322,943.330531128915,471.936068723323,914.837738189617
507.32450147902,941.909144411788,470.513924402297,913.756014711621
507.310739213946,940.729352345977,469.43193710604,912.989780906165
507.45470141557,939.77152825539,468.675638631232,912.528283743614
507.730618758418,939.013694633615,468.192477589142,912.338113500451
508.114624102457,938.432760697383,467.902374470795,912.369550360039
508.577233770217,938.005505184922,467.706667999078,912.569756352023
509.077763845417,937.717153475489,467.519009970776,912.89297800343
509.591684205766,937.559863293558,467.296465954336,913.292499611721
510.107605964438,937.515707482633,467.015059362557,913.722329706208
510.601102137477,937.567414785236,466.642624825642,914.154110650119
511.054162984908,937.706576834202,466.15737088788,914.566059282309
511.4620779857,937.924017107539,465.561774651156,914.93428972073
511.830471257327,938.210257720834,464.876825606865,915.249692971578
512.172707391513,938.555886420174,464.144857498238,915.514764171891
512.492021762727,938.951835648186,463.399769047493,915.732989041535
512.783789492954,939.381765320021,462.644476690733,915.916323265176
513.045329576961,939.824275678235,461.897174039998,916.059375968559
513.275533892968,940.254760624991,461.187188013625,916.10453628966
513.458893405209,940.646927683771,460.52017551351,915.987275458959
513.561532810255,940.99747567549,459.899125516191,915.694525513972
513.560028394194,941.320818170301,459.317069644054,915.253046586833
513.455335559003,941.621026860629,458.736169473033,914.687989481724
513.259234176554,941.901944334404,458.111763953164,914.022485508909
512.983607041881,942.174937692686,457.418823516917,913.300856090444
512.647864294158,942.441141874813,456.671600011694,912.574447794901
512.27657490255,942.693818414855,455.906169090349,911.874921711956
511.889670788217,942.928228759333,455.158554692263,911.210049131252
511.510728583891,943.149134734831,454.479254701221,910.576878713529
511.173199506768,943.368426567879,453.904813898036,909.972158043396
510.901411972952,943.579622326138,453.436485119288,909.392505817415
510.696304843518,943.754549434504,453.079728981677,908.842367981074
510.548691265682,943.872762028033,452.858698892682,908.33204713133
510.449735603429,943.928192724466,452.779830690092,907.868189616982
510.391147641161,943.918157738925,452.827966909963,907.446612965258
510.373134491793,943.850469303523,452.987524030842,907.054970585805
510.402405799306,943.732915087511,453.219619009829,906.675048331932
510.47480189009,943.565200132022,453.468737510733,906.276887015699
510.585787447593,943.356487774321,453.72310350779,905.845928442463
510.738501486805,943.122899832129,454.083015253953,905.403327696657
510.934043212293,942.877563853224,454.723663018621,904.981294305511
511.17191493635,942.63090311422,455.715720592074,904.588217199463
511.450411309325,942.390943353406,456.953748220303,904.206155953808
511.766955249308,942.17144293515,458.231981087239,903.821023499518
512.110562326951,941.990121080148,459.375903916144,903.43776553476
512.464151631368,941.859356571188,460.326420055124,903.05229165335
512.814326819711,941.787050161743,461.075591833071,902.638077268765
513.150933001321,941.769605055096,461.623637160676,902.183523607532
513.466615912743,941.802549974013,462.01611540187,901.696648194816
513.748576428894,941.888703856724,462.347533054303,901.176783351064
513.980244992026,942.02074139982,462.707833161106,900.616629358153
514.158322593705,942.183795885426,463.149368803751,900.01967506996
514.289778749595,942.365509073743,463.694061256996,899.413204739547
514.373590304285,942.555830811761,464.332014907034,898.834056370643
514.402643668718,942.746793333336,465.029271736424,898.301773255549
514.381022876508,942.932273232764,465.742324210786,897.822039492999
514.321261662184,943.10775144184,466.406070338543,897.397565352669
514.234154013272,943.270079185683,466.933082867794,897.036518560086
514.128823614696,943.417255839447,467.252848879192,896.743171586704
514.012829292106,943.556043058031,467.333478270664,896.50303905111
513.900114940297,943.69970295027,467.16584361402,896.303360463629
513.801259074509,943.850421749753,466.750719145026,896.140915979813
513.708290986202,944.001833109314,466.104259828703,896.019894671847
513.622741093473,944.149038701145,465.269537445517,895.957850061334
513.561190075425,944.288417933724,464.308894913115,895.958563213484
513.527767928895,944.425262433113,463.266205996951,896.007326918104
513.51693815618,944.571525116399,462.162004354062,896.099192501867
513.515932847208,944.728247180309,461.03740369466,896.236841193731
513.506844173146,944.880258594213,459.924535490368,896.420894699055
513.476207473289,945.016086367563,458.800724411385,896.658197875102
513.414382768834,945.143088767678,457.625482683534,896.96014844174
513.322781567155,945.274998548947,456.385045614096,897.325634695416
513.219056941896,945.437822000983,455.117829970327,897.743997406679
513.124930702807,945.673973732049,453.885381737753,898.213237723845
513.041101237966,946.021470050499,452.718117577931,898.753693643583
512.952141009519,946.498128540095,451.613837218251,899.386536730314
512.85421312422,947.090096663315,450.584525465759,900.117274386642
512.752479220319,947.767515887619,449.66829851348,900.947063095717
512.651012202217,948.512661606474,448.875175814155,901.850229707812
512.545103385124,949.317658321199,448.154240075016,902.765712058735
512.43128482858,950.174601158867,447.432949413381,903.630710465021
512.322787906599,951.075810016683,446.679207994643,904.398699134396
512.237401681892,952.021837415297,445.892905908417,905.03707354816
512.180209564044,953.027345043993,445.098438111497,905.532733079573
512.122942711095,954.101703262449,444.377308396309,905.895747218421
512.028308925212,955.234295708223,443.820935961764,906.145798726641
511.884551421515,956.399528146452,443.455093732676,906.301498294886
511.684201055949,957.55331359406,443.246642748002,906.380053242241
511.415486478646,958.646598786317,443.157454807706,906.397057636645
511.071529247333,959.635880888944,443.178053435708,906.36638198959
510.65723429069,960.467629122809,443.297745373564,906.300142675811
510.186379247076,961.097946140215,443.473958961394,906.216553587456
509.671287125002,961.507327427162,443.648855358372,906.137929609558
509.130601410992,961.679923242645,443.770350625428,906.065568362499
508.595044143709,961.603179218979,443.823679177311,905.961166888458
508.095808393514,961.2752781853,443.838763829994,905.741645657635
507.647831882895,960.710504785035,443.863182583124,905.300044995386
507.253133366179,959.942851130143,443.940908728092,904.553559706281
506.927233058591,959.012521873989,444.096138388764,903.471758132961
506.703328106308,957.963222882646,444.329341165202,902.06527902151
506.603657242849,956.839974818375,444.630617502178,900.36806832129
506.633549131174,955.67175678615,444.998075085453,898.430863595678
506.793032731594,954.48217366969,445.428194185374,896.307857573991
507.070256283275,953.305615699419,445.900678145341,894.054194471798
507.4446380475,952.175838789469,446.383013968281,891.731842600495
507.897373086815,951.109416634361,446.842168101313,889.398238945551
508.395965323289,950.109242796014,447.27702239153,887.089912374097
508.898447679368,949.191101875549,447.71876127786,884.834053551273
509.380371618478,948.380159339751,448.206697306541,882.665489887289
509.839292900678,947.684518639586,448.761678854405,880.608168743053
510.289699180356,947.09113991855,449.366297843957,878.669133988474
510.750774660801,946.579015512649,449.997846664411,876.857901385733
511.229060618856,946.137331918037,450.630268540463,875.193402729883
511.721209149668,945.763422680227,451.227936084256,873.693370148975
512.224222103206,945.453125239203,451.76464562595,872.366241934463
512.727642820541,945.193441008546,452.222231798511,871.205253072806
513.215628468685,944.965009553886,452.58925485571,870.184384125704
513.676526154798,944.75984324989,452.85978476603,869.27932096414
514.10225702004,944.586736185623,453.047937888184,868.475636511484
514.495552860664,944.459242059696,453.167104260608,867.759108321434
514.867341053225,944.370675867977,453.182777455869,867.131756001884
515.21102440136,944.299058738931,453.040481843346,866.607977506447
515.506788135958,944.23484473913,452.719070542217,866.18774167919
515.748773186505,944.178310252548,452.239228622106,865.859965545607
515.941993916334,944.129426769567,451.637397240551,865.613267257911
516.091816749388,944.087933121874,450.945306496637,865.444212271115
516.203709924155,944.045577884587,450.197905451706,865.355561162056
516.283048618686,943.988247154983,449.423695469687,865.33909324258
516.334968586079,943.921238452341,448.66098780541,865.378433253028
516.364261527712,943.85673265448,447.962229954999,865.459291917917
516.375305710663,943.788341685205,447.342136019192,865.569424819849
516.372025752771,943.711293767376,446.817336631608,865.698536931776
516.357876008253,943.630024692795,446.467971946913,865.838148509539
516.335842551211,943.548064348558,446.396863357289,865.973615373078
516.308459343208,943.460318066937,446.689709061735,866.086029425877
516.277834760187,943.355244079727,447.385129237127,866.16944826033
516.245685224948,943.232363549378,448.461013289269,866.228047155578
516.213373230458,943.099686894687,449.872882714325,866.273620999387
516.181947537185,942.963656580249,451.568336574675,866.323432396125
516.152183778331,942.82931248174,453.529645481224,866.374931644439
516.124624107357,942.700462430957,455.766193269957,866.410472442794
516.099614871688,942.579851393805,458.221816863674,866.424857009358
516.077341596002,942.461504101055,460.776260228731,866.414765593473
516.065681018355,942.33295243719,463.310854660772,866.378420873321
516.078155006096,942.192785152677,465.750960456145,866.330923049928
516.116546241555,942.040284567338,468.065819416442,866.284187855304
516.181409558084,941.859646313264,470.235788383874,866.239498755129
516.287982309038,941.631824101972,472.226892225355,866.19777488905
516.454451909885,941.343704304208,474.010880606617,866.151807361078
516.69287641762,940.987127952078,475.596052953179,866.088386646543
517.018061782166,940.557986600306,477.018446434878,865.997940112552
517.4386355071,940.055403046265,478.295117203969,865.873980449242
517.942582073754,939.481002680149,479.388947257143,865.72040686104
518.51808954365,938.846097259257,480.245942536459,865.548952720525
519.161691617375,938.176884728872,480.855612250027,865.369165187097
519.860782822794,937.49450604295,481.264578179716,865.196438331376
520.596151330793,936.807746952035,481.553932139726,865.050163457231
521.359766177279,936.123474421753,481.844274013195,864.9365467834
522.144592021772,935.446870811418,482.267054244092,864.851500530684
522.93675604132,934.781665952272,482.895361334067,864.783179518657
523.725402017749,934.122540149212,483.731831258458,864.71416687344
524.494503855559,933.465228322743,484.732870644928,864.638962997572
525.224576608693,932.822047067186,485.836478188689,864.561369037974
525.901915542101,932.20980916711,486.984131855663,864.476551254053
526.517672296031,931.632605184532,488.168726622228,864.37321272781
527.066995310327,931.084652418833,489.438405901287,864.258919705787
527.556066568573,930.560606280764,490.827386350565,864.147630856556
527.999326444103,930.055624960474,492.334685691761,864.034304223291
528.409269376382,929.573223444326,493.916749339649,863.90732116933
528.796508370226,929.115387920013,495.490954256515,863.758208926497
529.169883255467,928.682871375751,497.002076685762,863.581169517886
529.536599080959,928.291099022788,498.441068970146,863.372635239899
529.894563054584,927.950612162551,499.795436627415,863.138678601782
530.234625640939,927.65224083256,501.034795306343,862.89256662632
530.558158413834,927.387643372194,502.155108385938,862.644842169605
530.86672907418,927.15719374764,503.172648049352,862.411451776785
531.138545894456,926.952290038714,504.079633110167,862.211982433293
531.342425542167,926.765544020275,504.873561368193,862.052556612582
531.464426718108,926.598548483461,505.579513256535,861.928791366981
531.504251729827,926.451905705299,506.235092942626,861.836213837179
531.464243081738,926.325440382738,506.878501359378,861.770422205716
531.364332827063,926.21056685685,507.539381400997,861.735026974207
531.237303238309,926.092525647144,508.25553360922,861.73966319407
531.101293859911,925.967930189956,509.05418448917,861.782638953147
530.962660389906,925.842211585512,509.906687848189,861.861458942867
530.826353418712,925.727385433453,510.758135131119,861.980910711065
530.696092356449,925.640135245475,511.57431926523,862.135570347109
530.574537174757,925.584557894527,512.337960675688,862.32018176825
530.471273310318,925.547160443567,513.029646466191,862.529781863644
530.40089131131,925.509218323322,513.605476229563,862.744146775031
530.365718853803,925.464225635869,514.019805620994,862.947635846079
530.350797153207,925.391778951997,514.328744925456,863.12860843613
530.336214013225,925.245827061969,514.727155633874,863.255391447765
530.314526177627,925.001213947192,515.424065858865,863.289777758324
530.288074511834,924.657396552647,516.546794577108,863.213210913378
530.258801150785,924.217062087027,518.156088384254,863.02276746141
530.228282047635,923.685288104229,520.259798788592,862.72759038232
530.197763360756,923.06882434824,522.832833918646,862.34577962211
530.168199642665,922.383310542122,525.856932783345,861.886089624493
530.140292214671,921.650706968037,529.343098734188,861.365482686528
530.114526483395,920.889308354207,533.300946984168,860.814497988382
530.091207279458,920.114029316018,537.707447819021,860.249658777233
530.070491575716,919.328908530495,542.515285683341,859.684055350184
530.052418174759,918.529527300912,547.644381560977,859.127738866533
530.029113938165,917.720767163001,552.984244138808,858.580297869299
529.994711614825,916.914480993445,558.412362551733,858.048959755152
529.960704425114,916.119670786233,563.800851120303,857.546577254099
529.928063683564,915.350693358567,569.029527600299,857.082089886492
529.881850263816,914.625558264382,574.011330654453,856.668980200656
529.803225053099,913.941049100133,578.710753754018,856.331609197035
529.670950826437,913.262150434446,583.140712575694,856.078448185734
529.48607833124,912.530583882553,587.311709471895,855.889891463481
529.2588779726,911.687714896272,591.185148402182,855.741079848197
528.998540999407,910.707751073483,594.717311781488,855.611727782296
528.744425341989,909.59868432858,597.877566826266,855.485687683868
528.542125242913,908.386315383639,600.638441808226,855.350486797479
528.409304943097,907.101459348896,602.983565934828,855.20467767524
528.349501773716,905.762168050652,604.897763687573,855.063123813027
528.355321109167,904.376151879321,606.398530670747,854.937077638716
528.411225682834,902.958598845799,607.535661715325,854.826853284924
528.503747138,901.529949774016,608.382135449377,854.74001666763
528.621423217992,900.106209563337,609.026406610376,854.681631740557
528.754686900941,898.707304727102,609.495635927651,854.63904711707
528.887901983718,897.363362650946,609.745722281386,854.594257296819
528.9934521357,896.111382246332,609.741918688913,854.541359136106
529.051048447393,894.992468702127,609.481191037002,854.491724839594
529.062289932292,894.041766630243,608.96143176523,854.46178370277
529.045491878913,893.273115032533,608.189129193021,854.463504656002
529.02338122728,892.675779569376,607.17715318047,854.505065562435
529.013533145966,892.228358546485,605.950679518049,854.583664284296
529.029026746706,891.917588884358,604.543522900459,854.695995791869
529.079088006521,891.736856616304,602.955956688104,854.846293429001
529.16970277957,891.669207514253,601.170373015006,855.036612352897
529.296367513976,891.682476775986,599.179478290547,855.267274928389
529.446684578451,891.741674548899,596.991928084737,855.52944589804
529.610417441026,891.818561692885,594.620504168436,855.80755157951
529.779305193313,891.890953501966,592.088569393203,856.08916397828
529.946858675718,891.949817170776,589.450321602914,856.364653475476
530.10814888623,891.996476890298,586.766242679381,856.626835248934
530.259596097128,892.032328749252,584.084095779296,856.862801746086
530.398766110567,892.058780239689,581.456047776731,857.055665524089
530.524178355884,892.069383353125,578.943827207144,857.201659187208
530.63512906061,892.051874414885,576.57545494161,857.307183229669
530.731531499416,891.997738737586,574.352255041615,857.386226603745
530.813774321988,891.901599729364,572.286341050671,857.458153484591
530.874777953098,891.768472992537,570.382071988947,857.530199359995
530.909783770971,891.611177726553,568.62991029874,857.600082731082
530.931600289216,891.448109742544,567.025612310768,857.666123599587
530.950451486073,891.301361136722,565.592582878837,857.719335064395
530.966441546047,891.187344116888,564.390314100705,857.74541420632
530.979739773901,891.117606671304,563.457158930685,857.742073824524
530.99056006095,891.091789325245,562.767156639143,857.716302383282
530.991323553369,891.100422653404,562.284994903408,857.674154754566
530.976539384005,891.135175367732,562.000583449782,857.620781271045
530.95812827224,891.188848610455,561.884366852561,857.560478275622
530.937514813551,891.26315636716,561.869343145327,857.488933348183
530.900218732654,891.374406513419,561.90102298172,857.395374595411
530.843490097438,891.541755608916,561.951846653109,857.280059494728
530.773650516256,891.778122883003,562.000104405671,857.143865832207
530.6881322961,892.091245604588,562.037066896784,856.972478680494
530.585459008052,892.484649598458,562.072041133622,856.763853800406
530.480676738681,892.950704196637,562.143499371495,856.541050742464
530.377556652275,893.473471477695,562.303230986116,856.322176779786
530.255474867002,894.031148660666,562.517763844156,856.120979297733
530.091406282932,894.590302244561,562.673721553674,855.95525615725
529.869026903532,895.133095971914,562.717370161572,855.837530970379
529.58547665794,895.669839525799,562.65798347544,855.775895490681
529.248298396627,896.216439653995,562.474607490711,855.766973314051
528.8649475218,896.784772708455,562.092508125736,855.790888760603
528.442579238535,897.383256229154,561.390272941054,855.823569532138
527.987894978157,898.0173949756,560.253632489306,855.854122110705
527.514859159982,898.690290304784,558.725947298266,855.874268561297
527.042562881419,899.403105538473,557.048169224114,855.870173235363
526.585606915689,900.155483060988,555.479945881776,855.839816445763
526.154695693705,900.93809118701,554.21674209503,855.798112995315
525.765034386983,901.735015937519,553.461305607892,855.764662862461
525.442620341666,902.533619263611,553.360879354979,855.746401381386
525.213084354244,903.316347621128,553.945201466697,855.740345742158
525.085334273043,904.062431253569,555.192171424488,855.751649491822
525.04736920477,904.764926875882,557.056311701182,855.791537473337
525.079367627993,905.427699563144,559.413098737329,855.867713851946
525.171777818255,906.062772762876,561.979691687093,855.984944937822
525.331033777295,906.695863394331,564.33736449115,856.122136906513
525.567793209677,907.346732803799,565.999860843336,856.223406316056
525.879975406275,908.014321761943,566.553889237009,856.231429352502
526.27144745137,908.697295890704,565.86612340274,856.128673044217
526.766151928709,909.401971994774,564.123525551926,855.936453121417
527.387020027135,910.116869516331,561.705631404736,855.658255654392
528.20241214185,910.81723412179,558.963392698369,855.283800029055
529.352450410126,911.484558429931,556.08976425947,854.847323302616
530.96528213603,912.097878984533,553.205379906969,854.416092398711
533.085491395743,912.611546089969,550.434263228524,854.041470131179
535.660976822152,912.962428188737,547.930435668123,853.745389573144
538.575025342517,913.115078349565,545.975562219253,853.495273505166
541.696362605259,913.079825681223,545.057576082006,853.202168090349
544.910127218147,912.893920730168,545.760229059574,852.783638428926
548.101982768015,912.590610189641,548.534725402648,852.196102634398
551.138110893171,912.183393374593,553.536758232571,851.427103762572
553.936517544728,911.670220708048,560.581304072093,850.488416444094
556.512212737813,911.037196171652,569.259416800851,849.410008535645
558.914941674975,910.261783973773,578.995596042675,848.211385981546
561.196040246181,909.284254305599,589.010919396282,846.895610461987
563.37517615697,907.986974061631,598.520130515796,845.515613134653
565.408042812209,906.250736530488,606.976650508846,844.199970815682
567.202714827318,904.013599949655,614.112028510858,843.084262156917
568.649306429271,901.251605267294,619.769776016419,842.281727625422
569.682352843584,897.923716649547,623.821501852694,841.884954235226
570.280284074535,893.969280761799,626.344218556562,841.920890871953
570.424547711962,889.306694213109,627.64025211847,842.357543989998
570.107303379021,883.825217937008,628.120321656784,843.142231161188
569.336981648646,877.450000213626,628.320069961793,844.208070086927
568.142033241399,870.159481315673,628.861897036919,845.495033824167
566.573174688899,861.94231710802,630.250965924795,846.958044578224
564.688771617664,852.86572539286,632.69914846907,848.549245355598
562.543402977995,843.094101346333,636.014981414665,850.220147284734
560.194860034269,832.759473532146,639.641471624155,851.938934659631
557.70940715384,821.933666679758,642.946735859031,853.703199166991
555.157726352324,810.593220998683,645.269110610556,855.540954292517
552.603852392766,798.540759264526,645.999559327798,857.502640535616
550.096904930159,785.647361675157,645.065441917052,859.646479607404
547.68086225262,771.950062896944,642.932397082679,862.003551622826
545.394388649858,757.275592393959,640.346519954863,864.551893011003
543.2552279865,741.224622631344,638.018612627749,867.229595426352
541.256723692581,723.549964539804,636.172276366043,869.985190146929
539.37373652722,704.339846015601,634.713480613761,872.823736504058
537.575575986017,683.960127346775,633.362569553871,875.801256638947
535.836079492627,663.009173483981,631.72208547681,879.011058122381
534.133371280639,642.197810882411,629.613934358902,882.579910879896
532.449543600527,621.987968687722,626.994526096956,886.656251752889
530.770288399198,602.550447247078,623.924665013426,891.369190523277
529.107963206694,583.843337965355,620.558860656178,896.719510743955
527.494965011936,565.530163192712,616.962164046383,902.476729182556
525.892005468484,547.207912692482,613.44187385452,908.256060845993
524.174832929856,528.583802275508,610.75494677255,913.918470330213
522.150179787763,509.35697746126,609.447328123562,919.900707375318
519.507575450913,489.206352227145,609.503059311567,926.847949222317
515.942505136197,467.891409182145,610.757786316839,935.044354958613
511.313125677341,445.225230206923,613.08720832865,944.394810153775
505.614458620658,420.981779244004,616.331211919256,954.626132530146
498.91523968378,394.966867689284,620.299439233094,965.415486112985
491.338520015706,367.220102088166,624.721757871115,976.490300526088
483.013826769926,338.099702432747,629.306658405732,987.671956649919
474.055955628908,308.196743299002,633.919599490561,998.890670834539
464.572647174633,278.176155818259,638.472284850496,1010.13875038468
454.217115662571,248.683904675431,642.726919228446,1021.37810323979
442.047186063339,220.315579403347,646.346448801837,1032.65802568865
427.34316051094,193.523529011245,649.045633476283,1043.98372913109
410.031844929167,168.589308220147,650.70514848322,1054.84163973598
390.59230244017,145.686115765067,651.328673658886,1064.43069827405
369.903823124323,124.906551387962,650.927973782031,1071.9189119713
348.874521971401,106.278578873097,649.544099362774,1076.60174150916
328.218502456693,89.7797757040428,647.286171128858,1078.43391068768
308.471095995763,75.3263638963121,644.351139697053,1077.77489678031
289.951386149947,62.766726792853,641.059634843974,1074.88414553493
272.685524876984,51.9098457688595,637.754434168585,1069.9520026277
256.607402074196,42.5639558777736,634.6594349509,1062.96134449995
241.762167055411,34.5505392607851,631.908287876696,1053.61153710024
228.184939777404,27.7146298109494,629.662996144621,1041.80865057734
215.816036773404,21.9241496874927,628.180415650808,1028.06578192362
204.61886397332,17.0608649093447,627.742924377445,1013.27458272741
194.677321334728,13.0443050647649,628.541954670413,998.197777891034
186.141522951183,9.88018552307111,630.716746378876,983.311250585955
179.090304567211,7.68698299747153,634.47168692912,969.083061335752
173.435953281316,6.51726013211181,639.992112148496,955.929356309279
169.05194485069,6.23850121932308,647.310023218342,943.838127552929
165.918926609056,6.682227218297,656.323324529347,932.399391975547
164.029863520398,7.64204068617515,666.916417369384,921.004982012265
163.293533500168,8.86549409349394,679.084278704847,908.812280766208
163.572720547706,10.2057055458375,692.77380078988,894.809798946242
164.769651121993,11.6325325420858,707.599536020851,878.240239480739
166.812003096143,13.1201763211232,722.894418350936,858.971357916435
169.586650926541,14.6235118379649,738.132795473346,837.291279283947
172.882370171856,16.068381119501,753.164028438268,813.472672885256
176.341197183518,17.3294256690075,767.902667081506,787.736558677388
179.543063552561,18.2850894089602,782.175105486591,760.452984390863
182.189872463665,18.8596323554647,796.027167875638,732.110219029546
184.109743487907,19.030419580566,809.819913938203,703.076311211477
185.115552223838,18.8318434351501,823.980357196505,673.506224166075
185.045631525546,18.3330835127417,838.652046376266,643.605814754684
183.848894044131,17.6121622530353,853.608320021723,613.84809156373
181.576195755982,16.743614959391,868.557169010214,584.63784019721
178.409632536559,15.7656934072717,883.306425507826,556.095959148778
174.657415611936,14.6954796109317,897.762052352697,528.325431115027
170.644338423315,13.5645859003132,911.892482270116,501.639079822267
166.63517502476,12.3991256470353,925.675886741747,476.531964056384
162.809161038733,11.2201831363498,939.231523551707,453.271340649537
159.258762028967,10.0599712222333,952.962857825141,431.87122674522
156.046185761836,8.94257925482006,967.329854708967,412.456205859178
153.208516420509,7.87730018372709,982.53202294995,395.083075049467
150.754613125439,6.87744254297494,998.727343542167,379.528143807887
148.679257500099,5.95897452872526,1016.18562912269,365.367683732275
146.919689699311,5.13158194939896,1035.00366948445,352.116192730604
145.417957161465,4.39983528279057,1054.87680304122,339.42808114283
144.168523788448,3.76424366132011,1075.26494553263,327.208687024069
143.151436556706,3.2221892739563,1096.0119862233,315.456859115586
142.359783753915,2.77656114568428,1117.62837368388,304.07888760512
141.828140434479,2.43437620312248,1140.82983036004,292.91309353834
141.684340917768,2.18995346141786,1165.95079771688,281.727329977563
142.170579220031,2.02806295764558,1192.87460791154,270.344395498525
143.444849241134,1.93445676259268,1221.22871214917,258.838045719809
145.478401734835,1.91172529450081,1250.68299480584,247.448503250148
148.123800896738,2.01437726664017,1280.99709188633,236.489069900272
151.170768774205,2.29588503090537,1311.73320124002,226.303585874613
154.406568623732,2.713411923471,1342.4802009703,217.193786924813
157.623234834148,3.17514852933057,1373.04013145104,209.388437136219
160.544759770173,3.62502573000709,1403.09516140694,202.998506428923
162.828188281333,4.04392580680138,1432.12045578644,197.994341135242
164.183853397485,4.41817345120702,1459.63671554886,194.239496582404
164.47363097468,4.73086984384659,1485.25361645148,191.543454209828
163.679800312317,4.99445637600348,1508.8019629458,189.664593664973
161.760121739934,5.3138419292295,1530.3263391405,188.306247746926
158.623614354217,6.51056172266187,1549.70524240738,187.217065082807
154.293391056746,11.4386933256209,1566.78758978117,186.250830667506
149.074743566823,25.0612343017676,1581.41218577207,185.322977750551
143.518665701914,52.2920820071535,1593.07104180529,184.398807869791
138.182900794727,95.6719738750301,1601.03769465128,183.475087189836
133.495612555138,154.921530243591,1604.67565866812,182.541504312024
129.756672113379,228.102555475195,1603.78919080199,181.56700851057
127.142657002271,312.575131839525,1598.77652939356,180.505633890754
125.683256304801,405.322598754946,1590.3611461053,179.348348539637
125.325993714693,503.220094070488,1579.29750747461,178.13033515994
126.074398318155,603.290564343792,1566.0117732391,176.864803141389
127.873126604541,703.037010569127,1550.18043443139,175.508615930038
130.43578446366,800.517749727242,1530.2120318142,173.969004746423
133.362691603237,894.363234259083,1502.99147402449,172.141544707432
136.320655844459,983.778859228443,1465.19422296724,169.923968982889
139.139500575358,1068.22413983009,1415.06590055717,167.289244689261
141.880906154692,1147.42489722727,1352.77447773024,164.386117374354
144.797867914392,1221.55412749609,1279.92392235923,161.44640589197
148.188173317784,1290.95772981779,1198.98814721491,158.672290021648
152.257302736361,1355.64183600527,1112.74071485501,156.197820424481
157.039758606549,1415.16443702347,1023.69131138952,154.077206566788
162.461454497071,1469.09816055353,933.873481556925,152.36436497972
168.445643752764,1517.37648360506,845.001914602947,151.173862914459
174.955043708803,1560.23483767377,758.649821615373,150.639682091033
181.999408026318,1597.98400493922,676.131166422715,150.843923116795
189.678956856193,1630.84200143236,598.371641907022,151.771635692779
198.402499756959,1658.89422252287,526.283374720089,153.326175334904
208.802439907204,1682.11398383224,460.778668651271,155.35134239392
221.263841967034,1700.37394144846,402.295673698866,157.611102585776
235.962442307698,1713.48144922403,350.856528190646,159.80783090996
253.119278886399,1721.33280873636,306.312594216012,161.684235508615
272.865873602472,1724.01300300074,268.271764535515,163.123630985241
295.120300604976,1721.57684334315,236.21461948562,164.136327853239
319.483290205429,1713.89791067188,209.845453238164,164.774852353619
345.317154521083,1700.93388251827,189.229040948748,165.075503940668
372.087410239359,1682.86458302478,174.446195500172,165.053196557767
399.44919100885,1660.05001747155,165.05571273964,164.752917433415
427.205845820475,1633.03951147916,159.901872514915,164.288204141286
455.358611083272,1602.42420564772,157.52892820669,163.798092098069
484.036806974799,1568.72275746943,156.812981637265,163.397698052816
513.409079985775,1532.34297681929,157.091533772691,163.188036157613
543.457779802918,1493.41514214877,157.966760977403,163.279618699545
573.647733662226,1451.93888807698,159.099622811799,163.75549585137
603.056263627672,1408.21261722418,160.058128666854,164.635982706312
630.742969034257,1362.91066035005,160.501184468558,165.916164023645
656.260322694988,1316.57538741357,160.371318604078,167.540670880976
680.021553265278,1269.49817620908,159.861394730019,169.362477032448
702.984645216982,1222.05055582537,159.389103076325,171.192405844819
725.900567211256,1174.40358337571,159.327961405352,172.869652268624
748.923750481359,1126.63978418027,159.622776937634,174.299275230774
772.435022222533,1079.09973489807,159.922969096982,175.39283448642
797.226964496835,1032.0764214547,159.928541830368,176.014894496269
823.522550802149,985.746828244016,159.465833369927,176.037358591816
850.999793215256,940.318668830205,158.572870041225,175.40432036267
879.226499722564,895.860293911004,157.47992398377,174.124740619752
907.84034432023,852.338983449838,156.408741842773,172.249168384038
936.762818512905,809.700361526698,155.473760762552,169.858428304488
965.931950292402,767.64837856297,154.672357580159,167.038367682601
994.979744715468,725.742402871577,153.912322219294,163.875995829849
1023.46388639123,683.616879818557,153.145187757057,160.472130857413
1051.24305512233,641.014300181522,152.490454437048,156.942835041826
1078.51257833428,597.736692507175,152.098705897685,153.404397058282
1105.66480629327,553.614423754045,151.858097992275,149.954000982248
1133.22291681116,508.708199962746,151.310679783801,146.663336432909
1161.86431889833,463.464415112664,149.951030744482,143.590141804742
1192.39465459591,418.509276410616,147.495604750397,140.779662656977
1225.51272735485,374.462017571515,143.941345198696,138.250519219774
1261.63377762252,331.948441255693,139.554889380486,135.976893465078
1300.82554252658,291.54852551893,134.605616052695,133.899734975105
1342.76232715567,253.687341566795,129.145431944584,131.96766508052
1386.65520849061,218.571982065668,123.16751800349,130.128968681431
1431.41638672459,186.251729067183,116.721946850221,128.309830037182
1476.16197835143,156.833303851562,109.861703149597,126.445273812297
1520.28579220529,130.495369028964,102.648165014994,124.502589586685
1563.10832533682,107.247140203104,95.2958039909652,122.474805287581
1603.86043144808,86.9130057242628,88.3877202176285,120.374882678402
1641.83783929303,69.2907512375621,82.6616630025322,118.230647517924
1676.32980045395,54.2110312218594,78.3095094653125,116.10390169469
1706.42387193382,41.5193347523718,74.8409260853195,114.10400044652
1731.11293416493,31.03042628515,71.7040913866679,112.349843843739
1749.58345448052,22.5178687130068,68.6614343023132,111.70684383142
1761.15653599651,15.7463878165516,65.8330159858691,116.384809048584
1765.16034706597,10.5125804956089,63.6090906198912,134.134161301392
1760.83218039281,6.65946017200016,62.4964724747246,171.507338242227
1747.14460962769,4.06268609255572,62.8955432604832,231.173614615755
1722.46163898045,2.60335327968236,64.7841836331184,313.049227724889
1684.61497664125,2.17826025043726,67.8173275636756,415.116234763121
1632.06612030385,2.74638397890264,71.5462672199056,533.899120082734
1565.10527074486,4.27651274189816,75.4178393783123,664.906754431807
1485.81318026149,6.58952250690773,78.9100131985393,802.705539980509
1397.1078752897,9.35166933669464,81.6895189629407,941.528875033683
1301.99606921345,12.2150517108473,83.5468233418271,1076.55990608919
1203.13772917831,14.8865474120826,84.3268090241726,1204.45430402635
1102.77362456428,17.1632656779496,83.9599949671788,1322.88135069358
1003.11305293456,18.9412408519941,82.4446714996264,1430.04685911438
906.428499727421,20.1798962781346,79.8545563723194,1524.61593218752
814.64131873759,20.8806607565361,76.3579403268033,1605.97569731756
729.054445360277,21.0849150580997,72.2293944055336,1674.39051672459
650.440705095078,20.8633490020825,67.7928516282251,1730.74934977759
579.05665884923,20.2912516798133,63.2513397679599,1776.11808671455
514.622436469148,19.4372599419263,58.6776406709883,1811.51622210081
456.674978463941,18.3862285850702,54.1441529715824,1837.88018005574
404.85217202029,17.2327811309448,49.7832787358515,1855.9830781908
358.825815880133,16.0291428584225,45.7770616160011,1866.44875649215
318.280491044944,14.8012482703539,42.386797818143,1869.86103556218
282.904795964051,13.6244635810839,40.1843848301675,1866.62969516827
252.36886654586,12.6644039605929,40.1650787516229,1856.99491977321
226.346834901865,12.1115342541081,43.5625572779393,1841.4191991166
204.51044726416,12.0911943429412,51.7232593237671,1820.68506755235
186.555530732547,12.6436363882369,66.030061704309,1795.6080524029
172.158952043677,13.734855466704,87.6549901687588,1766.9408817849
160.907139759869,15.2750289405035,117.298187936043,1735.2004088782
152.338003271682,17.1500275769265,154.947983292124,1700.55023334588
145.966740542616,19.2072125644167,199.570781996549,1663.15195007292
141.32977806835,21.2066595045943,249.241758351307,1623.23876552893
138.072506585644,22.8960089464374,301.749876573914,1581.10708665367
135.958337256134,24.1151126165441,355.11721530072,1537.17848279684
134.817205529559,24.8029268076069,407.848717826865,1491.87118921198
134.543144868147,24.960591646025,459.038016158037,1445.38447905725
135.035681708083,24.6212044051189,508.336235763522,1397.8218677306
136.154771788343,23.8491266414812,555.715155750833,1349.63257273952
137.820462422026,22.7228350679832,601.260117267412,1301.1490200144
140.024793075348,21.3213436754641,645.086039734563,1252.27532506947
142.72917640278,19.7294265978824,687.225242247046,1202.98934476918
145.810210098845,18.0257982633617,727.489356375409,1153.20099166612
149.07556295765,16.289889280577,765.57377915932,1102.559804915
152.340861516992,14.6148346177637,801.485409856287,1050.55029925992
155.480516602385,13.1404545739025,835.680690281277,996.601445921192
158.410076517616,12.0770580643586,868.719350902912,940.524182486402
161.063602449641,11.6119882397596,900.988126904482,882.639094948275
163.360118364934,11.8231137853335,932.666578876165,823.467270360653
165.194022201467,12.6941892178735,963.793414121686,763.541957548493
166.537994013597,14.1530255682088,994.243493144682,703.451602530993
167.488094728474,16.1024793347345,1023.71534172972,643.863267117584
168.130228266063,18.429330408844,1052.02426891594,585.467726667399
168.492909817477,21.003765306025,1079.22158151795,528.928852623027
168.606723698006,23.6560397479729,1105.26405000307,474.798759525933
168.502882482885,26.1520309068653,1129.97481996415,423.565785831503
168.196463227217,28.24690595,1153.49468263686,375.716703123218
167.697531656383,29.7656685572828,1176.46923092222,331.706215714083
167.004179711814,30.6392129169776,1199.71503924503,291.918959814827
166.074106190926,30.8895279410584,1223.92732584551,256.595665186237
164.851032109067,30.584233245607,1249.51455774358,225.804556615064
163.324473317964,29.8003260452975,1276.34778333003,199.440483770976
161.534993185248,28.6273985283133,1303.88259828382,177.260958821316
159.52188791663,27.2009892376527,1331.77388149866,159.011900009648
157.275332597214,25.8361761216173,1360.0589256265,144.422652030092
154.771643165087,26.8134584855618,1388.71487887572,133.179229411514
152.039821881667,36.631519511951,1417.18086013083,125.045939921431
149.179602697093,63.5735017820603,1444.30589389,119.862257322162
146.326140324932,112.987304409824,1468.74195775261,117.452052338177
143.64531447348,186.014296263694,1489.40762734098,117.538910637853
141.321351544498,280.428430396569,1505.83489196277,119.68440284853
139.468566792563,391.908300745166,1518.05590003772,123.402271106542
138.136326987708,515.389898856619,1525.90622414315,128.239572615236
137.35398453057,645.453525800342,1527.56670173964,133.751771734658
137.103361683066,776.615655124554,1519.03001117934,139.545959039248
137.330440921882,904.16447461214,1496.34900170414,145.210679785932
138.033643005057,1024.57245150869,1457.78715831164,150.333144042758
139.376729488822,1135.22008019308,1403.76229803266,154.707956727682
141.801395635154,1234.2653501377,1336.08697434262,158.310653927839
146.042261660308,1320.73058242779,1257.28825195379,161.099727291158
152.792924248398,1394.13525927863,1170.28326513499,163.021910728417
162.678219089605,1454.21485782421,1078.17323299863,164.180822222424
176.321146990843,1501.22267238086,983.7436465785,164.836113774185
193.666917767851,1535.96494975641,889.325891310054,165.218074597359
214.05724045726,1559.25527154444,796.940059978928,165.323972769569
237.119409751466,1571.66842249862,708.304602962851,164.941385264746
262.820622284943,1573.80507370456,624.806234757971,163.907234465125
290.982817122302,1566.41551981026,547.307394369034,162.265567233718
321.369156213234,1550.16133347445,476.195023255724,160.194250706399
353.877230917445,1525.67017263937,411.722151217668,157.850792278876
388.284023804588,1493.9072728815,354.046956272324,155.333075648919
424.140342741207,1456.17574601388,303.187449741623,152.674610068524
460.783053925781,1413.87945373472,259.139733212714,149.827264509868
497.429346828065,1368.20527220006,221.937988673116,146.713157362622
533.377808671057,1319.89431228556,191.527195586879,143.280975323653
568.058239917578,1269.25266128237,167.558938751432,139.532642543475
600.964046098054,1216.19667963104,149.369296725924,135.526443640546
631.754864045545,1160.47975428353,136.081256431512,131.33855190834
660.658423153152,1102.02749538237,126.768031175317,127.040820303399
688.322671691956,1040.91540456361,120.556259670784,122.738645795552
715.032462323466,977.073372717693,116.59390306486,118.575463801376
740.629199486532,910.400147094316,114.056267697566,114.688079827425
765.088776837402,841.196077212931,112.243605691599,111.180480811224
788.827130672541,770.278713224594,110.816193608869,108.112621235784
812.654643894349,698.797109688979,109.736356356132,105.508851007188
837.290948879985,627.946267771479,108.956541925325,103.37330521327
862.870978699532,558.809520497429,108.516962489225,101.671044284567
889.296527900516,492.350774801255,108.797507573402,100.314829520898
916.880392934029,429.396664216349,110.340356249009,99.2035502659698
946.342078593455,370.572430287679,113.349290779962,98.259913511134
978.275653212596,316.290387851723,117.449696441961,97.4429289287575
1012.67566411931,266.786850929556,121.968564396648,96.7719773281864
1048.81170508448,222.163743864688,126.267792670145,96.3198981683898
1085.6007631684,182.416859342241,129.873281658418,96.1356404436682
1122.10679410308,147.421723064581,132.537411173799,96.1857600651452
1157.566893669,116.94998867495,134.318914850595,96.3669252492548
1191.28862605707,90.6852455816394,135.626661256519,96.5489627052506
1222.62391386195,68.2691634103266,136.757385102882,96.6008507156301
1251.15097548562,49.3772512850235,137.568554564643,96.3871959227125
1277.04121790937,33.7680112016585,137.843682129532,95.7813116885108
1300.97763439306,21.2476118783053,137.496266434993,94.7062446834199
1323.71656416015,11.5553153481696,136.542082201777,93.1490054086282
1345.77316372489,4.31690691046953,135.12167610738,91.161647820332
1367.39134565748,-0.901405899560254,133.427673514583,88.8678819236471
1388.65435954462,-4.51074166166026,131.624005256958,86.4815380184229
1409.49632132664,-6.85288943852537,129.886595116571,84.3491722277407
1429.7939119508,-8.19801977082443,128.387230302873,82.8690679273141
1449.49315721557,-8.76081198730781,127.03108887142,82.3102691137347
1468.47758677066,-8.72236385012373,125.561191655504,82.7327429415553
1486.4613777642,-8.23238453103553,123.909372621256,84.0500669177941
1502.93626028247,-7.39621589083959,121.966545138365,86.1915098091799
1517.10652406327,-6.29755937226824,119.486206537634,89.1396735629591
1527.94988728709,-5.00092146419008,116.351089398587,92.7777941756681
1534.47453522869,-3.52280654532547,112.734274569647,96.8462632725812
1536.09492530955,-1.89717424669626,109.150960805353,101.046735177936
1532.40645440381,-0.217214000492016,106.190251012138,105.396792634116
1522.67092362511,1.42835063361662,104.22136467039,112.837802989905
1505.37809465361,2.99609337073136,103.410078988024,130.632781317359
1478.19987609744,4.47864434776237,103.862810104751,166.375246988463
1439.13038364874,5.87302307008117,105.738837109231,224.757418649311
1387.56030039981,7.14842372849282,109.178208619299,307.398504211827
1324.28195755142,8.25368977051729,114.028154466715,412.652892026223
1250.99580948372,9.15495689164879,119.791258809683,536.339550920954
1170.20897166741,9.84048627513297,125.94845055989,673.639118973902
1085.10880637971,10.3080343658051,132.160172327604,819.847594411643
998.756631535229,10.5705214298616,138.266277870998,969.949072623627
913.661724093446,10.6520791640793,144.241240371504,1118.8612714534
831.996226095586,10.576852227476,150.038327548975,1262.13399505945
755.58262497542,10.4073409833733,155.36141918332,1396.12812071171
685.316405487295,10.2569320785009,159.677883676923,1518.20553489776
621.135984880812,10.219703103679,162.509547140313,1626.83549302451
562.819461925509,10.348537336017,163.552211445603,1721.26608224491
510.302778913259,10.6787491195534,162.613179785121,1801.57664604686
463.519667765834,11.2310902175551,159.630294855157,1868.55899590792
422.279116839016,12.0457890600019,154.713719678203,1922.85339207589
386.206692600389,13.1923753694418,148.102169793086,1964.46348436871
354.877373813229,14.6746266159984,140.16446663418,1993.17886792467
327.957986863843,16.3832737837348,131.31845552913,2009.06186366546
305.055372227347,18.1649725680904,121.889160761373,2012.71020155025
285.578494763308,19.8452336479636,112.198540132064,2005.36328756166
268.936176911207,21.2466488592015,102.884580126161,1988.65854464519
254.712028702498,22.2576853238768,95.0498169874007,1964.22899254988
242.628753434523,22.8442205334825,90.141607514153,1933.66101613853
232.453892963749,23.0090355898287,89.982572961396,1898.62769878141
223.887124350604,22.8221940488162,96.4302713246129,1860.4955715084
216.593354333273,22.5516905766121,110.466333945675,1819.86092489923
210.401202134428,22.5618320320138,131.862406800445,1776.719208007
205.324794210076,22.950856490022,159.493882815376,1731.21573989333
201.394791565644,23.5162761158097,191.662999890374,1683.98928552811
198.559719182395,24.034904439388,226.677073204581,1635.66124161874
196.683334862228,24.3685236545079,263.486771358797,1586.58565662186
195.615647205632,24.4326856641467,301.771725289771,1536.63482646576
195.239925730017,24.1945921382605,341.451528568914,1484.78424200537
195.445108837238,23.7402368486394,382.194171259884,1429.87061671843
196.112311015197,23.2908403926795,423.289793824828,1371.41930844542
197.112552211774,23.0469849239415,463.831688306316,1309.17739982666
198.281873661787,23.0933265386983,503.119170874957,1242.99934575596
199.387730193362,23.3839720548151,540.834616925505,1173.20959194773
200.214874865119,23.7666420500413,576.940302684819,1100.43553000718
200.677527310331,24.0983502553613,611.574989255612,1025.47788371998
200.737021238073,24.2711623720601,644.969184717533,949.237282951833
200.35288852407,24.1839097926286,677.54158878418,872.615792585353
199.554928576712,23.7750519440433,709.951442840002,796.621302931997
198.418013839915,23.0387892537144,742.873039205409,722.397261920991
197.002279679785,22.0122015387838,776.767781483353,651.045704596376
195.354691679253,20.74841420837,811.950846857426,583.375684852592
193.526298573953,19.2955414778894,848.732846224692,519.899601962274
191.561859766486,17.7119943186761,887.200030892357,461.027351268518
189.4842764614,16.0622439412754,927.107689067478,407.10876839249
187.345911218722,14.3977466102912,968.207670275287,358.295975917962
185.25915728696,12.7661996690825,1010.48373837435,314.545787375795
183.292853775556,11.2109290899323,1053.94140885278,275.776242094257
181.386481194895,9.77055707355768,1098.40718136058,241.932983360731
179.42142465476,8.47889456602967,1143.73225963011,212.937578352498
177.339940881496,7.36500942607347,1189.76014452281,188.500100030698
175.195282583458,6.48470784152309,1235.95014167978,168.099482469546
173.092779502739,5.93599269691492,1281.3199496681,151.210309366562
171.096155850713,6.12765170242346,1324.82996698437,137.468851413794
169.211811757129,10.3056980595826,1365.48396094936,126.724812444148
167.433317357569,26.6579567789038,1402.32662205252,118.894426170022
165.791537307104,64.2661812502094,1434.73757835825,113.791104749178
164.344938636816,127.936310695344,1462.2473047461,111.108413724576
163.132202042463,217.805235603705,1484.36010872758,110.395139201683
162.175641791985,330.929535581231,1500.28641141381,111.087639211183
161.484337352709,462.387672100662,1507.47999227933,112.631984406515
161.041305817971,606.061029276478,1501.49524275564,114.506832953191
160.833592194147,755.621551191506,1478.91673524099,116.279034520693
160.828271514469,905.373032147258,1439.1956973962,117.784228348269
161.025072849481,1050.54733701095,1383.83217542258,119.108190641413
161.667712777688,1187.49445692907,1315.13706242314,120.439598733441
163.249562134169,1313.72273546574,1235.48522602261,121.977489252575
166.236470103343,1427.55717891727,1147.35919445272,123.852226211653
170.870946960615,1527.79743241161,1053.55911745329,126.098391011855
177.373242140294,1613.73810815042,957.048674129989,128.723034454778
186.158629364821,1685.09067191448,860.456552036016,131.805740662461
197.434692987613,1741.6994224674,765.877100249185,135.479165301637
210.688197752784,1783.67950434747,675.172274515136,139.748243244246
225.065315452347,1811.6783786646,589.975592435961,144.371336070803
240.220949648803,1826.73101141407,511.373860168616,149.027149948247
256.421636319592,1829.87093822056,439.95418184511,153.538930010211
273.99525783247,1821.91058418826,376.07456601878,157.900909688452
293.009263956543,1803.4519485537,319.765569967387,162.136818258384
313.266939822075,1775.33930314659,270.790324856973,166.229675070623
334.453574187396,1738.93582224635,228.886565717708,170.124026365466
356.392880065507,1695.49812933437,193.702575758206,173.72886215847
378.996658141764,1645.90385418412,164.782198247011,176.98352448661
402.348606492399,1591.17425417143,141.681745811651,179.789941002915
426.606738128037,1532.6354466161,124.074804097567,182.04008789603
451.496196113052,1471.4224013204,111.594237424057,183.754641078467
476.677206894418,1408.05805358474,103.735898494895,185.005293292818
502.083707082479,1342.66618067814,100.086323143672,185.75981015702
527.689319020533,1275.43630031235,100.212781878757,185.891716327738
553.514530116403,1206.68056162084,103.493638988015,185.440909758209
579.411760454656,1136.81874655503,109.268022918174,184.745527980628
605.101485655367,1066.44943629911,116.91260106298,184.173899797146
630.696707661138,996.148685567648,125.695890099334,183.832251809386
656.349504508766,926.324330643397,134.685680203573,183.607075330688
682.041624452764,857.367717250179,142.9815681873,183.282655303547
708.117586045974,789.73916011133,150.071949261108,182.579553870267
734.891847552093,723.765361054743,155.931088775931,181.295565256798
762.223713104938,659.550971130932,160.734192241906,179.450373300512
790.206932248644,597.191499825948,164.593760466454,177.287756475229
819.229211815957,536.881949423393,167.55510250587,175.137323551678
849.398630964635,478.879614304805,169.595000370505,173.29809714958
880.871578474734,423.465816211502,170.505526642644,171.926834106249
913.672332276,370.962762854968,170.006331070328,170.956928333803
947.042854982028,321.745182776513,168.083164943025,170.230961843444
980.095314408363,276.153752334924,164.996442671278,169.636361208977
1012.40982118232,234.414204972066,161.044602081244,169.074965001527
1043.85204541449,196.610244718611,156.452029306487,168.415800800276
1074.33073483059,162.714161806994,151.426288658457,167.52250009037
1103.50896185173,132.605949341321,146.233768117777,166.321388298193
1131.23187893858,106.114294547781,141.122840690008,164.843860881165
1157.95034909787,83.1356055219669,136.242108396272,163.185175141935
1184.12717859298,63.5666639771937,131.713841086381,161.455246418321
1209.93049763843,47.1591826216815,127.730155786865,159.787420372673
1235.37565547752,33.577157397317,124.663606878789,158.281898039115
1260.15716457509,22.4748243587013,122.942929264489,156.861773123395
1283.71768979409,13.5253996223512,122.635470910258,155.215216937102
1305.25403110661,6.43468043733413,123.334143102619,152.954045444442
1323.63555475187,0.934804114149349,124.476674774207,149.831413621975
1337.82116584657,-3.16661515975168,125.759242026645,145.818127284873
1346.81618173661,-5.93556775837827,127.124598103523,142.037973658001
1349.37977802165,-7.29223883347669,128.424639203795,143.848928415782
1344.03537583036,-7.00852140879034,129.493218488818,160.372959903934
1328.87482752092,-4.91407550388074,130.405811902491,198.708193991944
1301.89113394742,-1.23222856823045,131.365877628515,261.599775918387
1262.28430811587,3.45656430297226,132.324455596315,348.880882119572
1211.15021173902,8.54322903191457,132.845257997254,458.073297799052
1150.6898513657,13.5722257158361,132.412274273188,584.677339102359
1083.23285520109,18.2511531428997,130.652251946056,723.145346957831
1010.94681878648,22.3748007204067,127.39899010596,868.082462555312
935.791774964718,25.8424464356954,122.728291694043,1014.72371791989
859.468349683087,28.6834791347067,116.836403355458,1158.74019257683
783.519106996108,30.9165512199002,109.935311777008,1296.42097750219
709.372023274101,32.4889457802197,102.242429501328,1424.77758838159
638.314811467732,33.3809478565651,94.0038052993263,1541.44494464898
571.542202545929,33.6300197353389,85.4953672875602,1644.96138817419
509.983926326285,33.2771489587625,76.9916596814227,1734.79851545986
454.126491655955,32.3803817299235,68.7575786473659,1811.0576684144
404.164240455753,31.0246559812689,61.0892649583521,1874.12390282386
360.139835755666,29.3050317502053,54.5086750492715,1924.46243298342
321.923677562775,27.3213491162812,49.9915823162994,1962.47583993261
289.226984435003,25.1739866221097,48.6979204031995,1988.39665124135
261.65589442132,22.9605953522247,51.5952393241493,2002.3667799916
238.740553328742,20.7580421170177,59.5281976498098,2004.76709713146
219.983234251541,18.6092279618314,73.2599977111171,1996.65009626581
204.896069329887,16.5531545754782,93.4753924257248,1979.59673676037
193.006183502786,14.6402571247147,120.629038349166,1955.13668169978
183.874798425551,12.8968704097562,154.641025515869,1924.57950820801
177.095159206972,11.3378646245302,194.930619630271,1889.07216269642
172.282124347989,10.031424511099,240.614179170404,1849.47601461028
169.063515481111,9.08444123185149,290.580214097415,1806.22687041598
167.073085716168,8.61447126207168,343.483626741424,1759.63206575696
165.976228637332,8.72010288865204,397.991034172206,1710.38358616966
165.480861616131,9.36500759681413,453.046522388022,1659.39167420801
165.383533361781,10.3793652651599,507.691166333909,1607.52542081271
165.586329731022,11.5511538913951,560.945207773491,1555.96275840686
166.004859695822,12.6661174026497,611.999981929505,1505.91712295261
166.528629805094,13.5775521857628,660.328301779432,1457.58238223441
167.077529554682,14.2732913490522,705.642905175696,1409.98997375129
167.65978956584,14.8446046080543,747.802378559471,1361.96028043826
168.304131636138,15.3496568970941,786.69543059908,1312.75197042295
168.952412793299,15.7803341818521,822.221684657074,1261.86532754098
169.481769838509,16.1327475705031,854.628533634015,1209.00134639264
169.786168379582,16.4141865140684,884.515868032801,1154.44641172036
169.807062677447,16.6402751278837,912.156133377932,1098.64483513732
169.516294766192,16.8090725757364,937.468585359893,1041.57712765872
168.909864719342,16.9208842796217,960.612773196297,983.142842893026
168.010223157152,17.0402884205628,982.021164196809,923.550212365036
166.859379719192,17.2008743976845,1002.2513729215,863.143560769252
165.481731454318,17.3410614219652,1021.87687323863,802.345049887473
163.856140058511,17.4143162987425,1041.37150611502,741.818764853176
161.958528902754,17.4261890271798,1061.17271237378,682.408972964629
159.794604550803,17.367210611883,1081.43394012569,624.860407247163
157.400529390652,17.2245238145758,1102.08629720469,569.755699283005
154.834663983107,17.1316621183177,1123.29156293894,517.550725094285
152.186187685037,17.3692192667277,1145.52391569648,468.574364510005
149.572917858075,18.0714142708856,1169.23175422097,423.094851050415
147.06054146712,19.0840990714437,1194.36049112583,381.349032819317
144.633657465981,20.1543595296826,1220.58925898787,343.542307678566
142.26215386245,21.1179415635223,1248.00541113677,309.693153220376
139.929052534843,21.9774857802796,1276.95152675247,279.394759392901
137.635787290798,22.82429158045,1307.38409835265,252.005470438919
135.390030538619,24.3386696023587,1338.86357176901,227.130459584464
133.203993496588,30.633796182525,1370.49654370895,204.662345484449
131.179004452689,50.6698442739656,1400.99170377288,184.607807955085
129.504946949486,93.1562185828716,1429.1921659643,167.232734041573
128.347576435514,161.457986443555,1453.93161867077,152.883765157038
127.794239655415,254.357965185757,1473.94789006509,141.504985795691
127.846028866123,368.300943040184,1488.37497198965,132.788609734384
128.41447002682,498.29439894608,1496.33332057515,126.532891624307
129.368708887105,638.479195731395,1495.50597767768,122.537602600387
130.635543194502,782.953572898547,1482.14856209974,120.430073974844
132.297705247336,926.327461750205,1453.22956945737,119.826687316576
134.492224639763,1063.91212246439,1407.96153433805,120.621143803739
137.20575166042,1192.11717647615,1347.58992026475,122.86033671708
140.521308264257,1308.55615387988,1274.51091883137,126.36294948483
144.9841511446,1411.82379709842,1191.47365999703,130.653403686501
151.492196188531,1501.33388192562,1101.24740739688,135.209815240519
161.154130165167,1576.79399734335,1006.5302223239,139.733581040648
174.931703804659,1638.00517829037,909.834305756386,144.1612146915
193.096614935906,1685.20599328742,813.505646163866,148.431451872694
215.539881536942,1719.04872413374,719.845931826159,152.345883042293
242.513404622308,1740.19280811606,630.988356396372,155.677632801233
274.389060368689,1749.10267113991,548.713913298088,158.247679231536
310.96209664785,1746.30561750978,474.399895217566,159.911436244141
351.490802356217,1732.38408290548,408.821027893083,160.609960051663
394.96265673169,1707.89759368328,352.141109408945,160.398674494042
440.298852430607,1673.61305150543,304.160322405906,159.442336688946
486.458293597925,1630.49478122952,264.422208564097,158.05468189905
532.445697556427,1579.6516309241,232.287999289815,156.661569937448
577.418030384243,1522.27628890899,207.038357369503,155.62066376905
620.698713137777,1459.45541387027,187.773967216989,155.101075799197
661.67381414954,1392.07443121831,173.360656636,155.090916651086
699.773133648407,1320.93076599877,162.785716639871,155.471301129747
734.837536677403,1246.79987215037,155.333202818822,156.092024613247
767.332732627789,1170.34573488206,150.435227020352,156.846151781695
798.125936344578,1092.33732922707,147.623796344187,157.639776287873
827.856477776504,1013.80332434696,146.34221273524,158.33716807608
856.374790954144,935.814015863968,145.905041302379,158.860827891301
883.252317504667,859.242600605416,145.823382143216,159.219386937579
908.37632842535,784.572836480414,145.891478770336,159.495003135922
932.223637506226,711.998496890214,145.978316702713,159.823586389748
955.660815827795,641.766691284841,145.889109243039,160.299767520605
979.09078450817,574.329699667263,145.433234093554,160.952316337868
1002.46267973752,510.290636551504,144.554345066677,161.750832529232
1025.52039026269,450.161605766032,143.292894709172,162.698744106011
1047.71783156266,394.165651910659,141.730937815818,163.91912706406
1068.64014860276,342.383443575666,139.972009827692,165.536836337251
1088.27533370906,294.877907503988,138.070300163706,167.603802099192
1106.92033855517,251.649490417297,136.079604814118,170.098828840642
1125.16205248314,212.64294474669,134.114297281163,172.890627853533
1143.71289853559,177.777729335047,132.308115518698,175.806786172985
1162.96034360311,146.932986740025,130.758526095658,178.71916447525
1182.73364782675,119.952937292008,129.430499920888,181.537545642615
1202.63532737847,96.7303054547666,128.149510051957,184.219223700091
1222.43509341547,77.1748652223572,126.764755948069,186.727941567936
1242.18651713654,61.0793294495569,125.24999151953,188.96313434206
1262.26841556691,48.1141244599653,123.667380999862,190.825043902514
1283.24215501374,37.8897742500416,122.121406340709,192.303672936698
1305.5254886608,30.0222014118982,120.706595822571,193.481554851308
1329.20976801529,24.1903994066772,119.483435600779,194.462599232965
1354.03961869802,20.1082551250798,118.492263488831,195.293457712583
1379.56462199945,17.4627722470551,117.733261112916,195.959822231142
1405.27724551792,15.8988716888726,117.168024305217,196.416777188802
1430.57170155015,15.0638064853513,116.761074071472,196.628647236886
1454.76242710259,14.6802119723839,116.441180891963,196.521029826501
1477.2258584681,14.5606036476791,116.072857186972,195.882701578918
1497.51491230633,14.6156711015341,115.514732483057,194.4120609077
1515.3082149176,14.8966612954128,114.586251117235,191.88847401592
1530.26561652504,15.4748637289362,113.066848827993,188.308814529281
1541.94938242437,16.2704662546795,110.813876641322,183.883587238767
1549.87636033464,17.1216892886875,107.803572842603,179.316623998543
1553.7001253774,18.012351658439,104.182189509216,178.044975245699
1553.40096884248,19.179071440803,100.44060134372,187.587656848882
1549.0145600652,20.8492057952149,97.3261314932639,215.39143722424
1540.0704580005,22.9387381308134,95.4072580549245,264.939303873898
1525.32642288875,25.1434060335918,94.8708941359837,336.451708087261
1502.40917495928,27.1796197014513,95.5745439131836,427.885507428237
1468.49737764662,28.8745179028366,97.0105364154883,535.324217511847
1422.13351674135,30.1532856733412,98.4073544685875,653.75001816195
1363.76366885404,30.9950917866355,99.1361351934203,777.998014661435
1295.20773820905,31.3976479100932,98.9159270218334,903.577831071295
1218.96825361153,31.3885816870815,97.741069145212,1027.03943017862
1137.59352700836,31.0097521723441,95.8560534088987,1146.11912862602
1053.38390180803,30.3282508056822,93.689342334038,1259.25910055844
968.27615652141,29.4674995645101,91.6874356171506,1365.03736965003
883.891453128504,28.5276475834631,90.0542562190642,1462.23524327007
801.589758799695,27.5253224334484,88.7467913836902,1550.07029360877
722.488422852297,26.4752151562498,87.7610054735477,1628.27515374262
647.585658814673,25.4369950997491,87.2479691479295,1697.00100066278
577.804117712828,24.4325369120417,87.5354015616392,1756.62104732335
513.823303744644,23.4227991623777,89.123005703421,1807.65127286387
455.990090247376,22.3545803820828,92.6187739807317,1850.75561746369
404.401343052797,21.188957230275,98.6086084137694,1886.60456954568
358.990671381503,19.9148014767694,107.369454856362,1915.69625593397
319.54524494701,18.5504444379826,118.93293360273,1938.27952880435
285.715436510098,17.1362102186575,133.509304617516,1954.39668979534
257.042127677678,15.704547548916,151.407809093303,1964.04780136052
232.973230091336,14.2808575466556,172.620644981169,1967.27877058572
212.949630816989,12.8921684522172,197.116362895936,1964.11444437967
196.494707439365,11.5580892185921,225.198292561206,1954.65660268074
183.186474346776,10.2997523993534,256.892764363354,1939.24263765955
172.603256684581,9.13879659231672,291.723754034346,1918.38768831199
164.344628188466,8.08093073911476,329.197230121584,1892.36720532944
158.078065861494,7.14294360324891,368.859922305336,1861.02199380396
153.510002029707,6.37304662251695,410.053715578416,1824.53743506957
150.338970846623,5.81855249265387,451.898146647579,1783.9826758964
148.266886516006,5.52460548654883,493.534197957926,1740.66373859397
147.023217170244,5.54109690848897,534.412037388772,1695.44854483947
146.343539270766,5.90435326256576,574.337532813655,1649.08470547059
145.984199895728,6.56097192276887,613.191767855235,1602.56401610822
145.834561131416,7.33574617947835,650.854600035464,1556.65892535109
145.920617116509,8.05948969908179,687.294728120113,1511.69945103907
146.294007845101,8.64330195733124,722.409119238206,1467.83842747431
146.946200783492,9.05474256425618,755.98827510923,1425.11946524755
147.775916501056,9.32127514389271,787.943202727573,1383.39166177749
148.637459560868,9.50757089738231,818.193978410554,1342.35201625942
149.418230710769,9.67349847441341,846.482440723214,1301.64523921903
150.06578562503,9.8499143732786,872.625297849196,1260.7385175137
150.544118718667,10.0366661678169,896.525802738842,1219.04228220181
150.815302459208,10.2645946152992,918.078326452946,1176.2312789294
150.87240432663,10.5873167315386,937.510009572838,1132.09905179182
150.732451040037,10.9881968234965,955.546037839845,1086.10649195145
150.414649227849,11.3973055377414,973.106194093277,1037.45307937711
149.923634128026,11.7608191297923,990.988125812388,985.765248289114
149.252734203148,12.0467547174866,1009.84751228342,931.266234996247
148.379005334429,12.2330399065018,1030.04654965726,874.355739847873
147.244295585368,12.3137044525152,1051.41412636356,815.485750981418
145.843504719991,12.3109396346702,1073.72787547101,755.290574920733
144.290532075079,12.2678144833006,1097.20233640812,694.594715513549
142.739947331414,12.2498634968901,1122.05156204976,634.444240551156
141.294436773178,12.3534203132396,1148.22446995035,575.998754773057
139.990270923756,12.6953975178172,1175.66398536093,520.312155408671
138.827351239271,13.3813535587838,1204.23984686196,468.340040670668
137.769903104755,14.4188252957095,1233.62904250212,420.846796880378
136.748122650977,15.8573317655318,1263.48831935354,378.160543074844
135.715244146636,18.5512022288085,1293.4696570039,340.17892854668
134.690533345348,24.5936090264904,1323.06022490773,306.652926322831
133.704132865075,36.2964926211702,1351.76211196436,277.314966501848
132.777933771423,55.0660652508927,1379.32337636482,251.899465193934
131.981563071915,81.3283314170368,1405.63362989444,230.252330196835
131.419035829947,114.87024757764,1430.63962690513,212.208030104788
131.131432620605,155.050660806727,1454.37265994033,197.456685222139
131.05559929469,200.693753328322,1476.85741762715,185.681379901491
131.230377515269,250.290032160697,1497.85469080328,176.663564791535
131.943567988064,302.450073845917,1516.81330239889,170.227775138479
133.727234707539,355.802588175296,1533.13239172184,166.033712549267
137.244804515043,408.642059825922,1546.27785780815,163.492516255448
142.879846946558,459.029023937562,1555.72870375268,161.890266371321
150.539313963493,505.570194517684,1560.92770599828,160.4943203662
159.932200307786,547.803457818964,1561.28386092572,158.760476492541
170.820472272026,585.783293866177,1556.33171978678,156.501408170923
182.904635686234,619.754867334147,1545.72438952545,153.855938535904
195.80056443906,650.015717354935,1528.95075555879,151.091077932178
209.290285402765,677.074059753686,1505.22567225103,148.368171446949
223.407221233137,701.802558504139,1473.43788063526,145.684374793771
238.243376390543,725.278828364087,1432.39402142209,142.903342305792
253.964032240409,748.602106353993,1381.36002810277,139.884572879851
270.973115595284,772.572279752339,1320.33634725113,136.645181473237
289.469352103078,797.555046034798,1250.29270415927,133.361583656022
309.120515883856,823.650273181023,1173.17685127467,130.232859396967
329.331004521125,850.758898276511,1091.51530607191,127.320638404114
349.423761076498,878.601293966973,1007.83916271823,124.579334749945
368.688333022609,906.823007777908,924.283217896475,121.99214350059
386.536033465276,935.140661387678,842.494620463343,119.603932865778
402.724469646024,963.302903222467,763.671993010784,117.466308535235
417.440498808058,990.910912110314,688.781474091796,115.54840059555
431.045357526629,1017.36371694734,618.565255916966,113.764948121506
443.694109578325,1041.97121857185,553.398725353652,112.077715634866
455.527622443695,1064.09047451397,493.380191957516,110.516966329907
466.874808103673,1083.15041683258,438.541230982421,109.133206346169
478.104490730891,1098.55905493403,389.1115577234,107.920486306514
489.682732453588,1109.75817012523,345.426377329181,106.782876388636
501.814872975286,1116.50658203825,307.648788927728,105.605443168143
514.124743718758,1118.85260911779,275.711112926196,104.363954253593
525.998008992174,1116.92405262417,249.034739836784,103.127873476965
536.891718694447,1110.99162273779,226.542660557256,102.004982877266
546.389329945414,1101.43485098345,207.404114142295,101.129044981144
554.184158438459,1088.57181115562,191.3939646556,100.610438296976
560.227489968487,1072.60880895244,178.539065529965,100.49907524902
564.64628032779,1053.66008155858,168.722186775119,100.890832036209
567.549494450779,1032.00037387647,161.570812646639,101.929434741058
569.232233051022,1008.25339277165,156.653652758309,103.650003156702
570.23242999418,983.157698670584,153.625189202996,105.940803701082
571.07733913962,957.375964056203,152.153852782118,108.620208296964
572.027114002887,931.460720966927,151.913490444286,111.529112572134
573.082248406393,905.784647391377,152.63140132163,114.538462586294
574.318026967611,880.719578203854,154.068719165699,117.507159102831
575.974152493701,856.828396552111,156.027787412908,120.312750434279
578.432235731274,834.873104241513,158.301778003886,122.890000469759
582.147192119476,815.689651776725,160.605105126421,125.211721039533
587.240488856721,799.745655017099,162.655528827839,127.265079000434
593.543089160774,786.977349398109,164.299503927035,129.040818477773
600.848580678599,777.11142925241,165.596352220941,130.556173963689
608.725052464511,770.043256802795,166.782237797683,131.855952844951
616.495348407769,765.933611682593,168.064995537902,132.942120251009
623.472039149651,764.883488827773,169.467854553619,133.775942180491
629.192474934946,766.749423295022,170.879728301603,134.280900252923
633.568345730624,771.259921418873,172.191781144037,134.330465938541
636.777389989059,778.061731443382,173.347227369024,133.849782809177
639.039177091252,786.765664800575,174.323107947792,132.868478843206
640.512428584339,797.029740893766,175.107453075586,131.526571808422
641.304291230993,808.543197765472,175.759646855508,130.161562028207
641.463413112578,820.981986786333,176.305851082556,129.189103811861
640.999930389998,834.00637774334,176.401871528227,128.852750100179
639.964543643623,847.30653610279,175.524427983602,129.225323678857
638.468720942688,860.644320540878,173.623763647552,130.316970822771
636.659171632025,873.843956464596,171.272467074257,132.175532090233
634.689370499744,886.751660151806,168.962342067383,134.85276499291
632.650612224813,899.164921643118,166.709096136505,138.307965940161
630.544604298455,910.82678041571,164.562083152982,142.556002097364
628.366938087242,921.516986267025,162.720009821769,147.833707923295
626.179039743914,931.089399991937,161.192604487867,154.524897493655
624.067383216715,939.435762630393,159.789791058157,162.934101432462
622.095823213358,946.503678794573,158.315151403988,173.240851288843
620.394912813974,952.363386013402,156.729957638808,185.445110518857
619.150032891294,957.169042143142,155.0862042508,199.284170048543
618.332517244055,961.032603674287,153.566314899459,214.388351958871
617.609871157433,963.998917648265,152.57986002316,230.552209563326
616.505468061359,966.083482596862,152.369145550749,247.968412000032
614.541027205364,967.255370468675,152.837446752709,267.058179033457
611.392725490351,967.495978846506,153.811229592094,288.209120410921
606.982487974244,966.84364997761,155.071372092567,311.575470428469
601.469847922771,965.332225472499,156.503629469622,336.807243139478
595.152256683807,963.030141870664,158.351374513081,362.928917757684
588.259282872156,960.069295943814,160.952259955196,388.844773519901
580.820551639091,956.594788747526,164.416247830779,414.066008427298
572.727243839692,952.71037577602,168.628526645274,438.654396266349
563.924299198362,948.375413079926,173.321338712074,462.637951108
554.649806076581,943.463377783576,178.266728187746,485.595659321
545.491902561383,937.965785712473,183.415122096542,507.002504779905
537.100784698662,931.996117340563,188.995904345387,526.809822057804
529.958341466237,925.656066399485,195.554449247695,545.233693097839
524.261699883966,918.996015793755,203.477931898096,562.24830720333
519.858567806466,912.04892860053,212.754347513087,577.83887489968
516.458882854846,904.723910169277,223.347819896377,592.562566646644
513.848167711259,896.728550360305,235.439915670178,607.41288964961
511.931294198761,887.859829912536,249.341803703848,623.209477519195
510.652790602453,878.29454229271,265.227409389406,640.355069858203
509.840713567901,868.471429153335,283.027144641742,658.928284885682
509.19235897897,858.765915325274,302.244638769009,678.678800377572
508.40817044596,849.32895656624,321.892264888954,699.104333638506
507.231653963676,840.056639740153,340.996713994972,719.56441144977
505.462965359693,830.71563260955,358.89979786454,739.418762563184
503.077029227974,821.176271078404,374.970695310131,758.16460177927
500.199068986809,811.376717116096,388.431596092545,775.490568531115
496.963858148878,801.176078714309,398.73705446963,791.390258354202
493.454528378335,790.424236463438,405.802566507634,805.989402803988
489.680772082721,779.24240584481,409.85243484586,819.393714391271
485.619184151764,767.994955976317,411.231010711304,831.95615120433
481.276480145636,756.970868840213,410.32473070848,844.215842461171
476.705698812683,746.400159986392,407.594922516558,856.595234834471
471.993703672984,736.530863082817,403.538029950522,869.328158625151
467.250551081854,727.405909478398,398.630586009418,882.387165429454
462.631901437247,718.831575783123,393.240763446767,895.482962575806
458.448602276571,710.790828705177,387.67349443477,908.111271646452
455.144112564895,703.410333757857,382.316493655408,919.579806931329
452.98371365766,696.547498499457,377.600939493672,929.269428367359
451.876757846732,689.975240648121,373.891793910918,937.06650459811
451.533170819861,683.80769207917,371.413678256719,943.474967789629
451.777256800609,678.534089945126,370.253225078811,949.283999848457
452.635913548536,674.54033078605,370.294814157285,955.132510445054
454.133981264114,671.847373104647,371.193312933511,961.211505777614
456.278306605762,670.500962971971,372.681003365066,967.33163936303
459.225963259446,670.759908125728,374.722066251806,973.229280586095
463.142523705829,672.787880568208,377.303034731231,978.764187857821
467.905543616206,676.420311246893,380.318502321227,983.879382855324
473.11322438093,681.246344151487,383.619394010738,988.513067924227
478.256191258418,686.749699626497,387.05130822178,992.640787892634
482.907183098339,692.458975378023,390.44495258472,996.204895490585
486.644821515309,698.077014651936,393.687485555689,999.030278840077
488.893370850525,703.472889862403,396.830140193879,1001.02154941193
489.320955398811,708.4359559707,400.040408966716,1002.35069652986
488.230810787278,712.638531330812,403.483578223628,1003.24055879604
486.184220828211,716.001982374951,407.232051830174,1003.65660742144
483.523747912682,718.75039064311,411.237898954794,1003.43863045807
480.499719031065,721.238867492607,415.370331117942,1002.5932202567
477.456022388131,723.966527263228,419.431361299215,1001.3483786442
474.687974674793,727.542819234075,423.169900943057,1000.01637440043
472.202022280862,732.40021944645,426.341140666588,998.846954199713
469.76749297418,738.61096744595,428.712738815861,998.049800503076
467.323384865805,746.047301611802,430.053531523791,997.930290814419
465.222100348731,754.447895015476,430.163948738033,998.873193625786
464.066947328443,763.543305633195,428.898324818286,1001.18693224305
464.345209318651,773.238348172105,426.414908667241,1005.02577902949
466.142883844027,783.198926635061,423.287484569088,1010.31161702846
469.173328974375,792.699422824259,419.999180801622,1016.72819942942
473.084570512299,801.002894965954,416.588840319225,1023.84932450949
477.602902478766,807.464981584732,412.902349498543,1031.18571650973
482.366730456763,811.821742185207,408.90067637147,1038.15252783185
486.974088295963,814.437346269566,404.579421773673,1044.23512006583
491.200163868344,815.950203018353,399.757527697768,1049.215519854
494.939417882685,816.829091476024,394.17119918982,1053.10981961507
498.141875144757,817.32780721217,387.657920135029,1056.06598306506
500.872068063361,817.738673715844,380.223860605588,1058.3440001921
503.092539006831,818.405663826865,372.027673025521,1060.22679968885
504.509012220387,819.490408755113,363.230366614568,1061.95910995389
504.803917130894,820.939426987258,353.911517330837,1063.73310198437
503.745615548779,822.504851358154,344.12493455447,1065.66339536018
501.199000516936,823.805487709454,333.934287926745,1067.75469811961
497.240078434143,824.604542837414,323.596493467508,1069.89609723113
492.088551963862,824.908366039694,313.610121355735,1071.96196448469
485.973481078297,824.838974891385,304.338266648064,1073.87407095757
479.19431019568,824.548431364086,296.021071439608,1075.5929429598
472.079391397852,824.167953970274,289.039409649819,1077.11784854348
464.734342860446,823.824330786953,283.666717242547,1078.40737321441
456.950099547653,823.707371984059,279.976095781503,1079.39023485933
448.517692975793,824.041405442624,278.056947256492,1080.06834483175
439.625775730488,824.991980595101,277.961442074468,1080.48398095915
430.816421007489,826.666623462303,279.563015117777,1080.61517707245
422.658681989206,829.203252325642,282.578687115195,1080.36016196508
415.466411383743,832.76657214819,286.700538636826,1079.61395818921
409.324698453341,837.458452479357,291.681559774907,1078.32715753321
404.320601272502,843.282522714431,297.266562728878,1076.54138496536
400.336637381027,850.127945071502,303.139516200799,1074.39797623913
396.961556123493,857.784025837309,309.025870174429,1072.10240491964
393.916031883972,866.017092918917,314.738358970292,1069.86374613483
391.1634755719,874.591002298424,320.123334073156,1067.82473212529
388.697976253955,883.220361772238,325.065524398943,1066.04153042656
386.545127774716,891.559701174922,329.52176304477,1064.50224247148
384.847698746242,899.275258068148,333.505465683147,1063.16666343009
383.677344344287,906.123060448942,337.018229503199,1062.03672499309
382.947342245019,911.896446987617,340.005627448156,1061.16221569531
382.593128405543,916.322138410437,342.395480666812,1060.56546363903
382.600412621544,919.060913437767,344.17465200307,1060.22360298819
382.931300126131,919.788391358317,345.39128198626,1060.1189653542
383.491899241344,918.326829661222,346.092023133222,1060.2462365175
384.203102751757,914.757135343341,346.328749011891,1060.59409145063
385.140366721972,909.410553249829,346.186990733571,1061.13913485591
386.432621716594,902.799727055704,345.767565617585,1061.84163714532
388.089322904197,895.544576800255,345.179846669865,1062.66623974727
389.942088457432,888.249603230904,344.536339330118,1063.57421815509
391.62901769559,881.386923824882,343.924968615129,1064.50984045239
392.870259598265,875.226459084678,343.412080407778,1065.42955089944
393.723454772373,869.827880709309,343.05323568554,1066.28484283196
394.456040344777,865.142683302328,342.878355707485,1066.97801322539
395.221906232461,861.127036675621,342.93588661742,1067.41583159055
395.879825226592,857.788984174478,343.357331179755,1067.58179162942
396.176409068992,855.199513634755,344.357161186732,1067.50303419559
395.881942297318,853.4286869808,346.151952941226,1067.2471053684
394.729466993651,852.512384455202,348.843637215702,1066.96513045552
392.517870227448,852.48264116695,352.404036030011,1066.84406905572
389.290452735762,853.35972453441,356.753109919532,1067.00645953112
385.190360966926,855.216815529811,361.812697921427,1067.46691859314
380.276341942503,858.165338095215,367.500702749548,1068.16475724151
374.665777838847,862.20176136178,373.711119315435,1069.01478103832
368.697158720548,867.195507725054,380.299484299516,1069.97043062777
362.883396919282,872.946226142703,387.072933432083,1071.04747862951
357.714205305512,879.222026221799,393.831020575069,1072.34023181935
353.552364686782,885.844493815417,400.405042783334,1074.09404715705
350.730279067359,892.673938669021,406.616788735392,1076.67013227852
349.523225121724,899.565601872487,412.255057397009,1080.41329583052
349.911682280167,906.445751943526,417.136905188524,1085.57461695214
351.604002709448,913.359932924804,421.15367780261,1092.30988298047
354.312535691956,920.435809834851,424.272666218143,1100.67355332155
357.847712569212,927.813038185563,426.535999586006,1110.58602452565
362.061925012681,935.573528081018,428.02617533988,1121.84402954862
366.711380358326,943.697652589276,428.846212488126,1134.10901133074
371.345470398999,952.096440893367,429.08816655637,1146.91026907377
375.377080464071,960.669688424007,428.785894148443,1159.75316458034
378.336221875146,969.303899757769,427.966713087344,1172.23403863822
379.974629994471,977.871128612468,426.64425771452,1184.07065037452
380.080884442873,986.259822143005,424.774332992481,1195.08259489516
378.59570431235,994.421395699316,422.394951983826,1205.16529734521
375.742427258914,1002.37265886874,419.723213738745,1214.25989995268
371.7349266115,1010.10960596594,417.051865860883,1222.344405653
366.593271041555,1017.52638968212,414.644243776197,1229.4413814293
360.383951009693,1024.43464213652,412.670353972864,1235.6146449135
353.43372252949,1030.65905832192,411.19993378815,1240.92633490598
346.102081385411,1036.11802524527,410.215912077869,1245.39625941753
338.645053794746,1040.81989195324,409.603974995496,1249.00336097562
331.387803050878,1044.81819721956,409.225817223058,1251.67247694887
324.729561357583,1048.19942070974,408.999463994826,1253.28153073873
318.965225924738,1051.10385070611,408.833912902577,1253.72324924391
314.097222629196,1053.77116657671,408.563711063099,1252.95979598782
309.770922956109,1056.47058350707,407.99501216586,1251.04680800341
305.541330021468,1059.36039671032,406.887003189348,1248.11760348427
301.21313216011,1062.52462477863,404.970427133112,1244.36865480981
296.936971696712,1066.01904258286,402.056503800514,1240.03866506315
292.990838241951,1069.81348376831,398.063104999665,1235.34429824596
289.553889529041,1073.83635468695,393.015828340606,1230.43945780754
286.755254049833,1078.04130907572,387.03762981027,1225.40951755584
284.712979152511,1082.38714966875,380.306555973294,1220.30032699344
283.595493001046,1086.82227163465,373.021643279715,1215.1651265737
283.502884519309,1091.28871212023,365.376140128496,1210.08461348549
284.229516800247,1095.72545111193,357.552816262537,1205.15017247506
285.373278257949,1100.0632153399,349.759798555548,1200.43505581313
286.550538951268,1104.23639661907,342.225947437056,1195.99633478253
287.544590009332,1108.19206673018,335.118464560224,1191.86908047729
288.226442788552,1111.88866603017,328.520809509533,1188.05477423249
288.600899454846,1115.34938475691,322.488785246995,1184.53694127685
289.064444298856,1118.67756740662,317.055264016163,1181.30150810361
290.066584104686,1121.97216280042,312.211064083654,1178.36014144569
291.70801030457,1125.29437660969,307.938537928515,1175.74386028431
293.897271837243,1128.73715010391,304.22974562584,1173.45843621098
296.52371921693,1132.4539279901,301.076611492802,1171.48230040179
299.449817629875,1136.57713946543,298.455568053118,1169.80489661704
302.537380543115,1141.14077113197,296.30845760063,1168.43225474525
305.566022503838,1146.10233878497,294.583726138343,1167.36728072261
308.087242407656,1151.36211001811,293.291232262232,1166.55565516086
309.695155951928,1156.72487818121,292.464108010682,1165.86182181102
310.55317392244,1161.95968978169,292.10535538666,1165.15479842906
311.404263227876,1166.90927592355,292.194802681963,1164.36594517874
312.927241071448,1171.48555030811,292.702978168517,1163.48434423897
315.136215781,1175.63271575154,293.586387933783,1162.55145495984
317.434020273467,1179.32145412747,294.792157505137,1161.61628023518
319.274419663458,1182.54364753774,296.293161628648,1160.69296747166
320.448807636166,1185.30767153348,298.082847622387,1159.76852200008
320.896425849125,1187.64209397077,300.131525463552,1158.84084545813
320.828073214805,1189.59787672622,302.369249878025,1157.95535280519
320.828013906833,1191.24154151409,304.697427749833,1157.16897327688
321.576268107827,1192.64944813246,307.076807682086,1156.49093387035
323.476485400788,1193.87964319436,309.585204115082,1155.88581251695
326.473380929252,1194.96650933786,312.332929136469,1155.3163745329
330.193133215173,1195.94868754655,315.365715304017,1154.76862211519
334.186017233303,1196.85123158658,318.631475028662,1154.23115451179
338.091176649794,1197.67236320719,322.020459602352,1153.66363612167
341.697498893731,1198.3976264887,325.42910579839,1152.97354795756
344.821337385548,1199.00330652659,328.785288677637,1152.04693270081
347.235447421879,1199.46715800276,332.04322136486,1150.80389705739
348.787958956593,1199.78439758021,335.155263743089,1149.1931401297
349.459871922264,1199.95594733338,338.066026114421,1147.18686771932
349.318919454077,1199.96361025223,340.731555602713,1144.7996219643
348.465873311971,1199.79075361547,343.118034895323,1142.06227960966
347.000200211924,1199.44592386679,345.192648213801,1138.98598313476
345.040716420083,1198.94886730854,346.947834090461,1135.58205031125
342.717343414073,1198.31947151994,348.426893387494,1131.90068019668
340.125344244715,1197.57711019921,349.69509294445,1128.0124646939
337.314813055552,1196.73233717488,350.801203251349,1123.99358837843
334.291857114467,1195.78862006454,351.772012696031,1119.95341756514
331.036518619844,1194.76735055556,352.608813059868,1116.02331493097
327.556419299621,1193.70298114132,353.29332514738,1112.33956316948
323.895708985497,1192.61543065203,353.800670262111,1109.0301304954
320.093856402167,1191.51286195838,354.093872464585,1106.17351218534
316.193330108942,1190.40199765515,354.143486301548,1103.80003131314
312.268848938508,1189.28824678788,353.95803663231,1101.92562282048
308.409678170545,1188.18366322333,353.598327785653,1100.53124116247
304.721253674955,1187.10501375016,353.178948915136,1099.54818064702
301.302459562675,1186.06433059921,352.805183012848,1098.89530537675
298.181506412484,1185.07746312861,352.540610318027,1098.49231604148
295.355046584741,1184.13922823599,352.446158475292,1098.25424578346
292.834764393298,1183.21285353105,352.57099714882,1098.10303041483
290.62003260845,1182.26197991554,352.938110828073,1097.97615535915
288.69299268909,1181.2595224265,353.541886803849,1097.83279286101
287.038785841931,1180.20198780607,354.339341878145,1097.66564495528
285.645315895736,1179.10406347023,355.268031570092,1097.49332600396
284.495161036258,1177.97826350049,356.252557243007,1097.35371710989
283.567364940403,1176.82722553088,357.217776031472,1097.29045266618
282.846739567222,1175.64593926409,358.098911731945,1097.32674858
282.32299051253,1174.43151297119,358.856795741919,1097.46945385063
281.982073739696,1173.18276821635,359.520021525001,1097.71266607547
281.815332486074,1171.90769602801,360.160374099365,1098.04872003398
281.818507467189,1170.61324113074,360.849197171848,1098.48448036604
281.975200713771,1169.29750932864,361.670905127445,1099.02208653276
282.260228885989,1167.96753542245,362.717284024686,1099.64435113696
282.658107164067,1166.63697382889,364.05161469627,1100.32764012453
283.153444028626,1165.31630230464,365.713363306642,1101.05976096857
283.723580680505,1164.01323751088,367.722519292698,1101.83766681989
284.348820530386,1162.74095991588,370.044426463084,1102.65759157882
285.004531978916,1161.52424321219,372.611473997026,1103.51533600172
285.663073673402,1160.38032622093,375.364203364956,1104.40650040969
286.303183622774,1159.31231654926,378.227800034361,1105.32666921471
286.909151561849,1158.32804040866,381.110206725911,1106.25591234948
287.462191106252,1157.45433409838,383.940318562828,1107.15521877418
287.941747197741,1156.73957651663,386.66530456671,1108.0112826361
288.342193357606,1156.23149458633,389.224523658803,1108.84654505968
288.669514498543,1155.95236225111,391.576709699433,1109.68666698872
288.930582514622,1155.88079893283,393.728009551479,1110.55897307424
289.132733774942,1155.96265320378,395.689415639623,1111.49120764008
289.283430951803,1156.143825475,397.459647852617,1112.50274840876
289.390000027997,1156.37194814653,399.043705694693,1113.59813787155
289.45943311841,1156.58979822745,400.443422300305,1114.76259233377
289.50606808177,1156.74604365614,401.665968209816,1115.95916635296
289.541600956892,1156.80329077934,402.730198359316,1117.13509412573
289.567518061236,1156.72817235317,403.64768779499,1118.25060253018
289.593078921135,1156.49926935309,404.424073042223,1119.28493526852
289.633207746537,1156.10498517436,405.060265365067,1120.216911914
289.698880882691,1155.53378979405,405.569168357167,1121.02568969562
289.789887027186,1154.79020527613,405.972468180653,1121.70697688425
289.905271883394,1153.89872844317,406.258799101722,1122.26147399888
290.05918228348,1152.89839063373,406.423113777856,1122.68586353265
290.269069891227,1151.81467516468,406.49664351318,1122.98167412683
290.554371990688,1150.63842971541,406.506151521304,1123.14627857889
290.935438849727,1149.3264369225,406.466321045383,1123.18176867168
291.41704309846,1147.81855745805,406.389942895433,1123.10942594531
291.991875501814,1146.08267190605,406.280137949982,1122.95674550836
292.651420883221,1144.116949218,406.124702024495,1122.73948161787
293.378686460742,1141.92717629556,405.923534216118,1122.46390215489
294.150717099124,1139.54825504547,405.693628180018,1122.15227293336
294.948528724882,1137.02847769181,405.425439499806,1121.83841779625
295.764593169709,1134.37796166103,405.081573770352,1121.54831565904
296.600393051655,1131.56944554298,404.627933663531,1121.31676394494
297.448626517,1128.59480949982,404.026193818729,1121.18422661992
298.295491156732,1125.49213109178,403.228168815673,1121.18642230459
299.122636844404,1122.2945832531,402.242189307618,1121.35431734545
299.90880387923,1118.99926343297,401.119617043437,1121.69080853856
300.654629452499,1115.59136623117,399.857146948673,1122.18502081281
301.424425235699,1112.12563379187,398.401881978799,1122.83151035333
302.352726873965,1108.75529100566,396.688052600526,1123.60570338635
303.56891219662,1105.65728694671,394.6811872351,1124.46914115132
305.116158985536,1102.95082658382,392.395327667312,1125.38957233437
306.962444372254,1100.63677181699,389.826496543707,1126.32486899854
309.073884451973,1098.66440705357,386.941397730856,1127.22665544537
311.431870086577,1097.03111671538,383.740059703328,1128.05110358994
314.022254611348,1095.75557155422,380.263677330754,1128.75923982834
316.85039258116,1094.83306271435,376.552409771184,1129.34830907999
319.928588910854,1094.24111970326,372.613085776742,1129.84338607355
323.258447212845,1093.98347043329,368.426789179556,1130.2666183727
326.825503460884,1094.09943477171,363.978935370663,1130.64503872729
330.587797742153,1094.64654609198,359.258713962528,1131.03203698919
334.475800446184,1095.69448974177,354.258543804054,1131.50734285345
338.416678752257,1097.28097870535,349.004835337427,1132.10580683338
342.345168038073,1099.41023502401,343.588311689218,1132.77207008354
346.196022294937,1102.06851459474,338.146122031872,1133.42250550515
349.913870929779,1105.19746022422,332.791946598952,1134.01700992029
353.460460229345,1108.70636625906,327.578831209449,1134.56571463851
356.811844731289,1112.47476505219,322.52735641926,1135.09345337853
359.947968013864,1116.34751898509,317.648230817596,1135.62772497408
362.836739651589,1120.17906667825,312.959906444515,1136.18938936016
365.453495323966,1123.87483653561,308.501830095433,1136.77792809934
367.834772132634,1127.39009395815,304.328296758369,1137.39210341298
370.078485377705,1130.70403873492,300.471996010353,1138.04580563716
372.271762136172,1133.80703499412,296.901123735603,1138.75625863439
374.459459395302,1136.6983002395,293.543288291168,1139.51142016154
376.699573058923,1139.38385819608,290.336373231367,1140.26938642873
379.073989783612,1141.86693756412,287.235896241597,1140.9979711217
381.633413969296,1144.14852504003,284.212274311879,1141.67343839137
384.363977085482,1146.2513196899,281.256082987129,1142.25580735375
387.194960921876,1148.22176256068,278.357993787106,1142.70172416426
390.045592994796,1150.11520829071,275.501223343528,1142.98224782863
392.853386435377,1151.98428764105,272.67944320845,1143.08038298945
395.563995709628,1153.84661769861,269.902351639076,1142.98881635492
398.131011573343,1155.66898314352,267.183799876952,1142.70005971723
400.531196168517,1157.37244949165,264.516926474583,1142.21454532715
402.767608179501,1158.86117062962,261.855757935632,1141.55439945393
404.855533729444,1160.06844521076,259.125798765394,1140.749853792
406.795686453577,1160.94416323772,256.272136751374,1139.8285829644
408.569774834055,1161.41339023845,253.272218720286,1138.81543717538
410.153341662258,1161.39234025012,250.11334380244,1137.7401459787
411.510151603537,1160.8478093604,246.814215975606,1136.64306678492
412.611721088444,1159.80983911162,243.424830670058,1135.57143559968
413.467676272734,1158.36379796549,240.017588876576,1134.57627989626
414.100894082997,1156.65040518868,236.679789629948,1133.70211504738
414.528045598386,1154.82491669001,233.483952554461,1132.97925542776
414.776167108787,1153.01758617593,230.496827882237,1132.43400930308
414.879389006284,1151.3198006405,227.794298866181,1132.08879328866
