positionRXFoot,positionRYFoot,positionRZFoot,positionLxFoot,positionLyFoot,positionLZFoot
0.25,0,-0,-0.25,0,-0
0.250000191825418,4.55030169895603e-09,-0,-0.249999888847514,-1.31619462152759e-07,-0
0.250000750444024,2.67431319537026e-08,-0,-0.249999564857862,-4.89690146417998e-07,-0
0.25000166617472,5.31749616724672e-08,-0,-0.249999080163876,-1.0118500292098e-06,-0
0.250002943674554,2.52692072214171e-08,-0,-0.249998520928873,-1.63401880272245e-06,-0
0.250004560980632,-1.29333087852451e-07,-0,-0.249997959922375,-2.27835512374657e-06,-0
0.250006455156435,-4.57473853190497e-07,-0,-0.249997443698999,-2.86756141899251e-06,-0
0.250008532007673,-9.54730643876634e-07,-0,-0.249996997027345,-3.34024643860396e-06,-0
0.250010681789852,-1.57862598546255e-06,-0,-0.249996630162445,-3.65829873975098e-06,-0
0.250012802308175,-2.28260304579349e-06,-0,-0.2499963414636,-3.81301304381501e-06,-0
0.250014818716739,-3.03114302889525e-06,-0,-0.249996120810485,-3.82229512615133e-06,-0
0.250016689502632,-3.79699544935622e-06,-0,-0.249995957819894,-3.72002985346899e-06,-0
0.250018405176496,-4.55494540730596e-06,-0,-0.249995844476955,-3.54016095107284e-06,-0
0.250019974488605,-5.27672996233187e-06,-0,-0.249995775365812,-3.30660231345114e-06,-0
0.250021396422088,-5.93864753414928e-06,-0,-0.249995749758195,-3.04127187871296e-06,-0
0.250022653534027,-6.52737671738963e-06,-0,-0.249995772382851,-2.77150120406288e-06,-0
0.250023740521502,-7.04184274301081e-06,-0,-0.249995851169763,-2.52093756887791e-06,-0
0.25002466905842,-7.49741980429614e-06,-0,-0.249995978396416,-2.29864021410857e-06,-0
0.250025443865753,-7.91203227479022e-06,-0,-0.249996119209658,-2.09902851965118e-06,-0
0.250026063442021,-8.29030738528257e-06,-0,-0.249996254125056,-1.91541043687497e-06,-0
0.250026538591329,-8.6257773686426e-06,-0,-0.249996390663598,-1.74710132278517e-06,-0
0.250026885770631,-8.91803401236523e-06,-0,-0.249996521762433,-1.58411344993094e-06,-0
0.250027112293261,-9.17398022691621e-06,-0,-0.249996622348111,-1.41074714129938e-06,-0
0.250027236047644,-9.39449730751409e-06,-0,-0.249996680564859,-1.22256760196297e-06,-0
0.250027283800405,-9.57736296628219e-06,-0,-0.249996714364571,-1.01296635693896e-06,-0
0.250027275599971,-9.72116083274532e-06,-0,-0.249996738677474,-7.66464300447905e-07,-0
0.250027232724875,-9.82833564029365e-06,-0,-0.249996730547248,-4.81840718566823e-07,-0
0.250027174994606,-9.91473615154511e-06,-0,-0.249996668222711,-1.70410397098255e-07,-0
0.250027112691023,-9.99540021995883e-06,-0,-0.249996572214827,1.56228042006883e-07,-0
0.250027045153424,-1.00747068312158e-05,-0,-0.249996475163992,4.82627558899901e-07,-0
0.25002697320577,-1.01466993768837e-05,-0,-0.24999638170421,8.01150625423745e-07,-0
0.250026905671239,-1.01862369081793e-05,-0,-0.249996272680278,1.1121432686224e-06,-0
0.250026853178707,-1.01811838231474e-05,-0,-0.249996140837899,1.4176888890574e-06,-0
0.25002682945454,-1.01565140204655e-05,-0,-0.249996006553196,1.719869126323e-06,-0
0.250026846736521,-1.01393882074373e-05,-0,-0.249995904772211,2.01258801158062e-06,-0
0.250026906734558,-1.01306054448947e-05,-0,-0.249995861716575,2.28594679645269e-06,-0
0.250026984648787,-1.01141003824232e-05,-0,-0.249995877182979,2.53287251265368e-06,-0
0.250027039011933,-1.00744714590445e-05,-0,-0.249995933234441,2.75471686954491e-06,-0
0.250027045191674,-1.0015033842488e-05,-0,-0.249996013141773,2.95430281181144e-06,-0
0.250026973973296,-9.95183045445631e-06,-0,-0.24999611610269,3.12173443343081e-06,-0
0.250026814565832,-9.90216356242026e-06,-0,-0.249996258116419,3.24022104907215e-06,-0
0.250026589939168,-9.87381817888685e-06,-0,-0.249996447034715,3.30039276118014e-06,-0
0.250026298762408,-9.83973087328693e-06,-0,-0.249996668424836,3.30452515019807e-06,-0
0.250025945002352,-9.76903230825078e-06,-0,-0.249996885141948,3.27690924344082e-06,-0
0.250025562642838,-9.66438800835235e-06,-0,-0.249997061155146,3.25232739842924e-06,-0
0.250025189380651,-9.55021687861991e-06,-0,-0.24999720097115,3.24817917174578e-06,-0
0.250024866123088,-9.44489980646289e-06,-0,-0.249997335324196,3.27490390974373e-06,-0
0.250024629579355,-9.34335704730929e-06,-0,-0.249997490725115,3.34438555550308e-06,-0
0.250024506137149,-9.24214317237351e-06,-0,-0.24999766937627,3.45838382518103e-06,-0
0.250024499775187,-9.14657999958309e-06,-0,-0.249997850514021,3.60779441065718e-06,-0
0.250024602091797,-9.0507949789039e-06,-0,-0.249998021687828,3.78282489431067e-06,-0
0.250024801990377,-8.94981707908038e-06,-0,-0.249998189146086,3.97384438893062e-06,-0
0.250025064367176,-8.85016424193498e-06,-0,-0.249998345989359,4.17952630003396e-06,-0
0.250025356984554,-8.75778014427534e-06,-0,-0.249998467686749,4.4114159990241e-06,-0
0.250025673105109,-8.67576502037739e-06,-0,-0.249998557369091,4.67151775652363e-06,-0
0.250026009651956,-8.59868153295003e-06,-0,-0.24999862494952,4.94737268194311e-06,-0
0.250026356507603,-8.51044637115603e-06,-0,-0.24999865156597,5.23085703850116e-06,-0
0.250026710936937,-8.41879156550448e-06,-0,-0.249998623063581,5.51979591745801e-06,-0
0.250027081598934,-8.34002281197083e-06,-0,-0.249998550682802,5.80636502418837e-06,-0
0.250027470971857,-8.26752515587806e-06,-0,-0.249998449480553,6.0928801293309e-06,-0
0.250027865407802,-8.19840050148019e-06,-0,-0.249998325211752,6.38905500762462e-06,-0
0.250028239567067,-8.13537639482153e-06,-0,-0.249998192886674,6.68813333559386e-06,-0
0.250028571279345,-8.07626682597756e-06,-0,-0.249998068482836,6.98827316108946e-06,-0
0.250028850772173,-8.02195535722228e-06,-0,-0.249997953188428,7.29830464460933e-06,-0
0.250029078074776,-7.96804244050244e-06,-0,-0.249997851969629,7.61306380316331e-06,-0
0.250029258254377,-7.90389199820708e-06,-0,-0.249997764609224,7.91586229600912e-06,-0
0.25002941009167,-7.83672006760694e-06,-0,-0.249997678544983,8.18921803270459e-06,-0
0.250029549151755,-7.77462010283721e-06,-0,-0.249997604225414,8.42269049700682e-06,-0
0.250029664722628,-7.70070821492684e-06,-0,-0.24999758566206,8.61733978638287e-06,-0
0.250029738911503,-7.59840867263386e-06,-0,-0.249997650704492,8.77761278719939e-06,-0
0.250029770119868,-7.47174871979009e-06,-0,-0.249997785749149,8.90606283820262e-06,-0
0.250029765275495,-7.33433954307684e-06,-0,-0.249997963022496,9.00622350275368e-06,-0
0.250029720242299,-7.19629840127363e-06,-0,-0.249998152164334,9.08620931808146e-06,-0
0.250029630191672,-7.07064315714292e-06,-0,-0.249998343931635,9.15752036700697e-06,-0
0.250029506000071,-6.9657056368379e-06,-0,-0.249998566346675,9.22495313102907e-06,-0
0.250029351884268,-6.86648581354194e-06,-0,-0.249998837495712,9.28241866972237e-06,-0
0.250029167278451,-6.75125305114406e-06,-0,-0.249999141037302,9.32248826652818e-06,-0
0.250028989391782,-6.61806170842031e-06,-0,-0.249999457175431,9.34932762463295e-06,-0
0.250028847152244,-6.47224136453498e-06,-0,-0.249999778255165,9.37175103032208e-06,-0
0.250028743406842,-6.30789247182433e-06,-0,-0.250000109334799,9.39417640932174e-06,-0
0.250028687594708,-6.11702259803607e-06,-0,-0.25000047118636,9.42410384133929e-06,-0
0.250028651983314,-5.89282239731167e-06,-0,-0.250000869059651,9.46881040502408e-06,-0
0.250028591789344,-5.63848809642551e-06,-0,-0.250001274696255,9.52342522602755e-06,-0
0.250028488772529,-5.36867144205889e-06,-0,-0.250001657561803,9.58152762770704e-06,-0
0.25002834314978,-5.09704882357554e-06,-0,-0.250002009158107,9.64548717460876e-06,-0
0.250028172155275,-4.83812865869521e-06,-0,-0.250002341817659,9.7166627135291e-06,-0
0.250027990263681,-4.59875274901334e-06,-0,-0.250002644009733,9.80992652265768e-06,-0
0.250027792349944,-4.37083728571964e-06,-0,-0.25000288828494,9.94998047670655e-06,-0
0.250027561470651,-4.13680103146914e-06,-0,-0.250003081911864,1.0139967583034e-05,-0
0.250027287395988,-3.88386196944205e-06,-0,-0.250003252327626,1.03644916922622e-05,-0
0.250026992015123,-3.61532147720306e-06,-0,-0.250003416625208,1.06227247310781e-05,-0
0.250026712429982,-3.34451610084483e-06,-0,-0.250003556217912,1.09329970227484e-05,-0
0.250026461681626,-3.09036587923111e-06,-0,-0.250003632764202,1.12902519428727e-05,-0
0.250026227027527,-2.86670704649192e-06,-0,-0.250003630842673,1.16654482681466e-05,-0
0.250025991368206,-2.66897696651149e-06,-0,-0.250003564152579,1.20416153186166e-05,-0
0.250025759649977,-2.48391437043092e-06,-0,-0.250003453350018,1.24218732617186e-05,-0
0.250025543926816,-2.29936954380371e-06,-0,-0.250003310815248,1.28140037392624e-05,-0
0.250025355251919,-2.10966133378327e-06,-0,-0.250003135188968,1.32152157422776e-05,-0
0.25002521048624,-1.922795891009e-06,-0,-0.250002896562426,1.36254696886868e-05,-0
0.250025113192737,-1.75698652163009e-06,-0,-0.250002572468043,1.40462807231791e-05,-0
0.250025058343747,-1.63143835531772e-06,-0,-0.250002190197803,1.44664073922684e-05,-0
0.25002504516951,-1.55811640475777e-06,-0,-0.250001787886217,1.4879643158427e-05,-0
0.250025068376474,-1.5335008287108e-06,-0,-0.250001387392133,1.52861711120471e-05,-0
0.250025111454706,-1.53917455618711e-06,-0,-0.250001020843261,1.56678007703033e-05,-0
0.250025171516104,-1.56656290398841e-06,-0,-0.250000732206376,1.59954596636354e-05,-0
0.250025262581447,-1.62133640047548e-06,-0,-0.250000531036605,1.62629111635777e-05,-0
0.250025399666996,-1.7077199012092e-06,-0,-0.250000389867132,1.6490301877819e-05,-0
0.250025606802038,-1.82628188111493e-06,-0,-0.250000285356414,1.67001047928723e-05,-0
0.250025892587021,-1.956509003492e-06,-0,-0.250000201322569,1.68954549743979e-05,-0
0.250026244668376,-2.05573881188974e-06,-0,-0.250000140655891,1.7060497832253e-05,-0
0.25002667631281,-2.09577468731103e-06,-0,-0.250000140090408,1.71847721168065e-05,-0
0.250027196915413,-2.06863460973617e-06,-0,-0.250000224496262,1.72762667164943e-05,-0
0.250027762052565,-1.9701484215482e-06,-0,-0.250000379725376,1.73487521786584e-05,-0
0.250028307678688,-1.80378677567775e-06,-0,-0.250000578963818,1.74132124743791e-05,-0
0.250028793172402,-1.58598964437638e-06,-0,-0.25000079143906,1.74807468821429e-05,-0
0.250029216793498,-1.34295955617379e-06,-0,-0.250000992543434,1.75622720857949e-05,-0
0.250029589765775,-1.09938220033874e-06,-0,-0.250001172649414,1.76593232000539e-05,-0
0.250029900687169,-8.70211310384085e-07,-0,-0.250001325463681,1.77692671200071e-05,-0
0.250030132329226,-6.66880136181467e-07,-0,-0.250001452467229,1.78981817779688e-05,-0
0.250030288037794,-4.99294683400894e-07,-0,-0.250001566840151,1.80369046107669e-05,-0
0.25003038169846,-3.68517753222605e-07,-0,-0.250001690286927,1.81650651207368e-05,-0
0.250030418846492,-2.64327693153311e-07,-0,-0.250001846244477,1.82864372688925e-05,-0
0.250030409091435,-1.72069134302829e-07,-0,-0.250002034235198,1.84293294776481e-05,-0
0.250030365740455,-8.75380041162192e-08,-0,-0.250002223546047,1.86296612815556e-05,-0
0.250030289907395,-1.54436796996378e-08,-0,-0.250002388964411,1.88993024786367e-05,-0
0.250030191408846,4.29812898791873e-08,-0,-0.250002528446831,1.92286270269881e-05,-0
0.250030105834227,8.29607353024055e-08,-0,-0.250002643506699,1.96113911361191e-05,-0
0.250030066906077,9.42226591006958e-08,-0,-0.250002734072989,2.00373542550903e-05,-0
0.250030096011032,7.602360437089e-08,-0,-0.25000280419252,2.05018035783874e-05,-0
0.250030217161465,3.0933921204116e-08,-0,-0.250002852652721,2.1002744968125e-05,-0
0.250030436810174,-4.68728837090296e-08,-0,-0.250002869261004,2.15262425518571e-05,-0
0.250030741825756,-1.60020069674879e-07,-0,-0.250002845669237,2.20623324700255e-05,-0
0.250031109955235,-2.96338244624427e-07,-0,-0.250002786252705,2.26000342141851e-05,-0
0.250031513157417,-4.25668034401062e-07,-0,-0.250002696411534,2.31213203953078e-05,-0
0.250031947855229,-5.28906284369373e-07,-0,-0.250002575900694,2.36179056843942e-05,-0
0.250032411956489,-6.16198026187432e-07,-0,-0.250002433785169,2.40886300195484e-05,-0
0.250032883076118,-6.89803867846509e-07,-0,-0.250002282984308,2.45307864755552e-05,-0
0.250033335783464,-7.40937135075873e-07,-0,-0.250002128833438,2.49590009918902e-05,-0
0.250033743763121,-7.70523702703263e-07,-0,-0.250001978998379,2.53988254217932e-05,-0
0.250034099298309,-7.84934989580312e-07,-0,-0.250001862678172,2.58489949281535e-05,-0
0.250034432170825,-8.02679229225673e-07,-0,-0.250001814252569,2.62917462423189e-05,-0
0.250034782531761,-8.41447133150694e-07,-0,-0.250001841631261,2.67107560861744e-05,-0
0.250035150424566,-8.94697866022188e-07,-0,-0.25000192316936,2.70952589677797e-05,-0
0.25003550709719,-9.51098590235286e-07,-0,-0.250002028229151,2.74494128715393e-05,-0
0.250035831101186,-1.00626637537819e-06,-0,-0.250002142848136,2.77762006558668e-05,-0
0.250036118663799,-1.05653294864741e-06,-0,-0.250002258519666,2.80754256349868e-05,-0
0.25003637187445,-1.08977581652538e-06,-0,-0.250002379200232,2.83471121240763e-05,-0
0.250036594654581,-1.07694596988588e-06,-0,-0.250002515854457,2.85866916092115e-05,-0
0.250036812798664,-9.9672701193891e-07,-0,-0.250002648995205,2.88149896468098e-05,-0
0.250037056288954,-8.50219196574576e-07,-0,-0.250002765390264,2.90599036785174e-05,-0
0.250037337038859,-6.41500419662052e-07,-0,-0.250002873041085,2.93129577045376e-05,-0
0.250037647226318,-3.70488779905723e-07,-0,-0.250002967632969,2.95592657885043e-05,-0
0.250037948357208,-3.98284413713716e-08,-0,-0.250003075095597,2.97987330036466e-05,-0
0.250038208076778,3.50182547103125e-07,-0,-0.250003251654916,3.00340430497332e-05,-0
0.250038429864988,7.97860684427795e-07,-0,-0.250003493499639,3.02680895314731e-05,-0
0.250038622381157,1.2894173084341e-06,-0,-0.250003755302071,3.04961207883024e-05,-0
0.250038792338415,1.8158858719652e-06,-0,-0.250004017333012,3.0715779960469e-05,-0
0.250038958947919,2.36660153794589e-06,-0,-0.250004269310668,3.09499839910777e-05,-0
0.250039142070699,2.91435571934553e-06,-0,-0.250004497810287,3.12286202783931e-05,-0
0.250039330231846,3.43783611196331e-06,-0,-0.250004697899987,3.15546432363385e-05,-0
0.250039492351298,3.93836782812925e-06,-0,-0.250004874380877,3.19071649283943e-05,-0
0.25003962802075,4.43269412683613e-06,-0,-0.250005056118018,3.22589454081775e-05,-0
0.250039751382578,4.93709975579163e-06,-0,-0.250005275286826,3.25798485708858e-05,-0
0.250039846720881,5.4687554131926e-06,-0,-0.250005521110237,3.28635563853409e-05,-0
0.250039892505464,6.04516336285905e-06,-0,-0.250005753281787,3.312923112424e-05,-0
0.250039878262042,6.67312163391677e-06,-0,-0.250005925804423,3.33895718913212e-05,-0
0.250039796867694,7.35101658884632e-06,-0,-0.250006009322648,3.36510184607071e-05,-0
0.250039643045713,8.07407309128055e-06,-0,-0.250006012256858,3.3909131782084e-05,-0
0.250039418313562,8.82759761182905e-06,-0,-0.250005951634696,3.41519710174813e-05,-0
0.250039135734391,9.59186309261287e-06,-0,-0.250005838446327,3.43708841930786e-05,-0
0.250038809153842,1.03464205376578e-05,-0,-0.250005703682408,3.45622387157304e-05,-0
0.250038442092891,1.10775891954937e-05,-0,-0.250005576634782,3.47390730116131e-05,-0
0.250038033284455,1.17886602467195e-05,-0,-0.250005463386556,3.4917655500116e-05,-0
0.25003758998056,1.24822432647356e-05,-0,-0.250005367289697,3.50986533938373e-05,-0
0.250037129468893,1.31466791334323e-05,-0,-0.250005279871889,3.52755465961623e-05,-0
0.250036690280218,1.37596117871715e-05,-0,-0.250005196835356,3.54372239298115e-05,-0
0.250036308452105,1.43207548731853e-05,-0,-0.250005140802706,3.55649722165971e-05,-0
0.250035980051461,1.48628935898056e-05,-0,-0.250005125122029,3.5647894495645e-05,-0
0.250035699738658,1.54009070078741e-05,-0,-0.250005143122454,3.56889501058372e-05,-0
0.250035490273103,1.59177361772688e-05,-0,-0.250005189373493,3.56917499102302e-05,-0
0.250035368374943,1.64028599775295e-05,-0,-0.250005250520075,3.56576639488354e-05,-0
0.250035319507795,1.68740672359113e-05,-0,-0.250005305491844,3.55891035868372e-05,-0
0.250035307897011,1.73462703997439e-05,-0,-0.25000536018247,3.54917316481435e-05,-0
0.250035308823043,1.78117636427743e-05,-0,-0.25000543616111,3.53695824318024e-05,-0
0.250035328944872,1.82609333788963e-05,-0,-0.250005538311468,3.52210329963141e-05,-0
0.250035389213797,1.86772153881675e-05,-0,-0.250005681305428,3.50501824709257e-05,-0
0.250035487044989,1.90527219604644e-05,-0,-0.250005888609137,3.48808508522202e-05,-0
0.250035605632289,1.94014036313377e-05,-0,-0.250006150957022,3.47584330514746e-05,-0
0.250035739515082,1.9733553681258e-05,-0,-0.250006438801062,3.47191148881838e-05,-0
0.2500358873331,2.00636852601203e-05,-0,-0.250006723708561,3.47769874962954e-05,-0
0.250036054786933,2.04173962354341e-05,-0,-0.250006979808127,3.49479111009974e-05,-0
0.250036244132182,2.08018318232869e-05,-0,-0.250007222949474,3.52286834848575e-05,-0
0.250036431532898,2.12085840595099e-05,-0,-0.250007480021307,3.55912923795473e-05,-0
0.2500365842969,2.16492433857544e-05,-0,-0.250007723930347,3.60258646893016e-05,-0
0.250036699099547,2.21426645062669e-05,-0,-0.250007933486836,3.65411883831762e-05,-0
0.250036798223425,2.26793737964346e-05,-0,-0.25000812410982,3.71368922997401e-05,-0
0.250036901257899,2.32388918741849e-05,-0,-0.250008304840658,3.77958776674683e-05,-0
0.250037011981246,2.38106744626621e-05,-0,-0.250008485149127,3.8500847467062e-05,-0
0.250037126609742,2.43951440965481e-05,-0,-0.250008676722654,3.92369751662614e-05,-0
0.250037238040257,2.50028365112295e-05,-0,-0.250008860240807,3.99856154578259e-05,-0
0.250037322737644,2.56435640700475e-05,-0,-0.250009003877717,4.07318416528435e-05,-0
0.250037331228009,2.63679016753141e-05,-0,-0.250009106980423,4.14597128461935e-05,-0
0.250037205920929,2.72719578395538e-05,-0,-0.250009194660979,4.2153173293018e-05,-0
0.250036934904607,2.83751379297289e-05,-0,-0.250009289325531,4.2802010685447e-05,-0
0.250036607618174,2.96157575271468e-05,-0,-0.250009408679509,4.34021101982674e-05,-0
0.250036389417187,3.10009083859748e-05,-0,-0.250009579617567,4.39416222526821e-05,-0
0.250036377364403,3.2650563156755e-05,-0,-0.250009836999657,4.43975344301148e-05,-0
0.250036493915066,3.47607563061566e-05,-0,-0.250010214652574,4.4760585869718e-05,-0
0.250036042735042,3.68417721004255e-05,-0,-0.250010724734844,4.50382456623918e-05,-0
0.250033862698659,3.61890141271688e-05,-0,-0.250011361547082,4.52365774847818e-05,-0
0.25003018768442,2.95623766580409e-05,-0,-0.250012121522112,4.53584747131034e-05,-0
0.250026462887597,1.59016125516495e-05,-0,-0.250012988970662,4.54266833640888e-05,-0
0.250022968000083,-5.47122013562944e-06,-0,-0.250013940956457,4.54730470587379e-05,-0
0.250019439319412,-3.59597685752986e-05,-0,-0.250014957024551,4.55098527031793e-05,-0
0.250016976385777,-7.60428492876557e-05,-0,-0.250016011296757,4.55391728855583e-05,-0
0.250146207560172,0.00029922948919847,0.000782497776392781,-0.250017079265528,4.5560994727988e-05,-0
0.250305669252452,0.000924188444719687,0.00188567945276351,-0.25001813147682,4.55793534303992e-05,-0
0.250484879421892,0.0018690526924593,0.00329897238852772,-0.250019130280072,4.56138317271263e-05,-0
0.250670824624032,0.0032096239393653,0.00499473556353289,-0.250020041299775,4.56884131437876e-05,-0
0.250850441398895,0.00502521309941766,0.00693353926202955,-0.250020845707216,4.58151331096093e-05,-0
0.251012152784495,0.00739524242593659,0.00906721308346508,-0.250021540509268,4.60011988873768e-05,-0
0.251146746382611,0.0103956298087755,0.01134018373826,-0.250022130376882,4.62622188346203e-05,-0
0.251248065380214,0.0140962638591475,0.0136905961019333,-0.250022617310882,4.66080322623277e-05,-0
0.251313536057987,0.018559544598313,0.0160526465515769,-0.250022991635927,4.70287076649535e-05,-0
0.251344385808675,0.0238394004076448,0.0183602350800886,-0.250023252271648,4.74991569994193e-05,-0
0.251345511818492,0.0299806916759764,0.0205510455083877,-0.25002342348513,4.79950651179633e-05,-0
0.251324913058859,0.0370191284126555,0.0225701448472228,-0.250023529889088,4.85103209993642e-05,-0
0.251406968876978,0.0174710148219584,-0,-0.250023563637827,4.90389937582985e-05,-0
0.25143388239982,0.00580134894982338,-0,-0.250023497599155,4.95787157358647e-05,-0
0.251419081085539,-0.00234544796799298,-0,-0.250023325927333,5.01401027314289e-05,-0
0.251371527565483,-0.00853505937730962,-0,-0.250023063676294,5.07277036713278e-05,-0
0.251299340406829,-0.0134590742401952,-0,-0.250022727847208,5.13456157983185e-05,-0
0.251374245761055,-0.00863633970892238,0.000146978048959518,-0.250022343478278,5.19841508249512e-05,-0
0.251496969470275,-0.00297650861296931,0.000194065384293796,-0.250021938907548,5.2616645773479e-05,-0
0.25167125094001,0.00347158022852113,0.000308068263556954,-0.250021526541723,5.32357988436459e-05,-0
0.251897942783679,0.010651448436012,0.000318657504635993,-0.250021100219665,5.38551630579349e-05,-0
0.252175164237569,0.018500228368153,0.000394134440092204,-0.250020647201858,5.44821474484648e-05,-0
0.252498901271247,0.0269488230267199,0.000364140282737603,-0.250020175545199,5.51067995244801e-05,-0
0.252863662990878,0.0359218461290847,0.00039708805714036,-0.250019720493252,5.57144293746538e-05,-0
0.253262964322938,0.0453382821266082,0.000324565692675983,-0.25001931528971,5.63035914088563e-05,-0
0.253689686463345,0.0551130177978215,0.000318509219763858,-0.250018976279382,5.68788797819909e-05,-0
0.254136588282108,0.065158671871944,0.000213459388683353,-0.250018711399817,5.74376639908947e-05,-0
0.254597230733485,0.0753867251603628,0.000182095366595248,-0.250018534370242,5.79827435073668e-05,-0
0.255067101348316,0.0857077083524721,5.80276457314165e-05,-0.250018447923029,5.85244155068894e-05,-0
0.255544272722049,0.0960315277560344,1.30917166563944e-05,-0.250018441648521,5.90585849910463e-05,-0
0.256029170304244,0.106268840023398,0.000118513356920227,-0.250018506799025,5.95766535839997e-05,-0
0.256523848601617,0.116332984984919,0.000400041354436196,-0.250018623749513,6.00835236711518e-05,-0
0.257031469101346,0.126141317603528,0.000847475250252474,-0.250018776974185,6.0575009674528e-05,-0
0.257555965662026,0.135615588069452,0.00144062787629997,-0.250018949880796,6.10390688549319e-05,-0
0.25810147849437,0.144682214014371,0.00215055368082716,-0.250019112802998,6.14854506687943e-05,-0
0.258671681142771,0.153273213885122,0.00294123924402732,-0.250019263369549,6.19344281826126e-05,-0
0.259269481660545,0.161327361063184,0.00377160076492221,-0.250019424520008,6.23951450011044e-05,-0
0.25989711865159,0.168790730124581,0.00459787239290235,-0.250019628110871,6.28691705167806e-05,-0
0.260556237797515,0.175616663254191,0.0053755945112069,-0.250019913144355,6.33542975839892e-05,-0
0.261247761853683,0.181765584295824,0.00606057776222192,-0.250020290545853,6.38501523641294e-05,-0
0.261971682642836,0.187204609718009,0.00660909338004075,-0.250020766248718,6.43601736229752e-05,-0
0.262726938342143,0.191906868193607,0.00697796708831844,-0.250021364273713,6.48928718529704e-05,-0
0.263511520222551,0.195850905838205,0.00712533521800769,-0.250022027443246,6.54802488611619e-05,-0
0.264322758133962,0.199020556071651,0.00701210615546525,-0.250022613224542,6.61315699312182e-05,-0
0.265157608840337,0.201405209860109,0.00660328213815752,-0.25002301904325,6.67833964522592e-05,-0
0.266012547626169,0.202998757218604,0.00586935348543635,-0.250023239065632,6.73594898700837e-05,-0
0.258326098655181,0.199905692119029,-0,-0.250023354772381,6.77901717588302e-05,-0
0.255695031077787,0.203819466867118,-0,-0.250023467626198,6.79941111068788e-05,-0
0.254403461094937,0.209400078421716,-0,-0.250023651846536,6.79367557778981e-05,-0
0.253675328781191,0.215434824303025,-0,-0.250023985840275,6.76617429313619e-05,-0
0.253251568785853,0.22141628045017,-0,-0.25002456302975,6.72366200903553e-05,-0
0.253024207284132,0.22706914191495,-0,-0.250025410490595,6.6705281517921e-05,-0
0.253098018224303,0.224693959605886,0.00140046617410549,-0.250026429973089,6.60850588826987e-05,-0
0.253124176309569,0.22163176398136,0.000315931204791012,-0.250027486700601,6.53690369438374e-05,-0
0.25307756048966,0.217938967467758,0.00162299838953907,-0.250028467608351,6.45641018579296e-05,-0
0.252932954909098,0.213675516729377,0.000432254952720399,-0.250029359081225,6.36106585503707e-05,-0
0.252671005626756,0.208902811405503,0.0016445665166553,-0.250029940972443,6.18173085000543e-05,-0
0.252282556972567,0.203679920027451,0.000378457876663803,-0.250028852268081,5.79543475336286e-05,-0
0.251769037473543,0.198061267745632,0.00153293537062904,-0.250024870541853,5.17305171175628e-05,-0
0.251138811630713,0.192097583675821,0.000223805916379296,-0.250018855215331,4.38755147492117e-05,-0
0.250402261773009,0.185837612139542,0.00134716436767807,-0.250012017152595,3.47260295191238e-05,-0
0.249569301413194,0.179328142742057,1.69800332336659e-05,-0.25007455190789,0.000152281370007933,0.00039574650486839
0.248649961437386,0.172610890259522,0.00112668622990772,-0.250176905560468,0.000336973138015164,0.00100641658015819
0.247655043564131,0.165719168576574,0.00021430830093598,-0.25032883178513,0.000608353001385206,0.00187448452655513
0.246595613556118,0.158680010186322,0.000458972619109985,-0.25054090704144,0.000989784039612869,0.00304284297979893
0.245482398609111,0.151517933951102,2.5451370782893e-05,-0.250824496658707,0.00150820743306625,0.00455377507154869
0.244325663126665,0.144255153591959,0.00017559299157046,-0.2511902543583,0.00219430382719878,0.00645319267981157
0.243135246929398,0.136910794219833,0.000193402620779869,-0.251645436834068,0.00308347722399179,0.0087977211551219
0.241920150042364,0.129500805123062,0.000412111475644952,-0.252193492576815,0.00421626717520148,0.0116596287177993
0.240688128715353,0.122038066809263,0.000811499535750091,-0.252836064701259,0.00563881038039407,0.0151232035680786
0.239445721316058,0.114532657836254,0.00137044870165589,-0.253573050690279,0.00740561239973622,0.0192725379293439
0.2381982844429,0.106992217159082,0.00206798769534076,-0.254400892909137,0.00958305959664788,0.0241774545002553
0.236950088890881,0.0994223476984977,0.00288394224118013,-0.255314417232837,0.0122511642420631,0.0298822122853895
0.235704506077325,0.0918269892062913,0.00379926411166804,-0.256312906547686,0.0155038539615505,0.0363966889954691
0.234464122611441,0.0842087298459207,0.00479634785984091,-0.25740251228184,0.0194452949098089,0.0436914400767546
0.2435076067617,0.140503907156946,-0,-0.258593354515283,0.0241817676971286,0.0516995719361817
0.246860232332657,0.161791453760589,-0,-0.259900430622696,0.0298173757818264,0.0603235081511716
0.248508523681141,0.172561388798671,-0,-0.261346282401573,0.0364519677847238,0.0694436741889531
0.249428361462108,0.178806790429754,-0,-0.262957702464523,0.0441732677149958,0.0789279645241253
0.249977096971885,0.182717000814319,-0,-0.264760479710184,0.053048756983578,0.0886388966304848
0.250316860659422,0.185283061573148,-0,-0.266776862069773,0.0631225357588467,0.0984367595680911
0.250531577516155,0.187018754527579,-0,-0.269025104091889,0.0744146959784434,0.108180932182735
0.25066859056408,0.188216443952073,-0,-0.271519629290304,0.0869215705126973,0.117731666417882
0.25075627173964,0.189053898808316,-0,-0.274271049528775,0.100616799621327,0.126953419306457
0.250812368239556,0.189644500356814,-0,-0.277285905350138,0.115453786239712,0.135718811108895
0.250848242260073,0.190063131295304,-0,-0.280565894314893,0.131368845881772,0.143909818057607
0.250871196636381,0.190360529432369,-0,-0.284107869839295,0.148284575432626,0.151414798708645
0.250885909162079,0.190571766409883,-0,-0.287906206451269,0.166116216720584,0.15812593040415
0.250895371599274,0.19072148315117,-0,-0.291956464499886,0.184782180599168,0.163941639003045
0.250901463750686,0.190827178190376,-0,-0.296258507199918,0.204213570087988,0.168771569658967
0.250905350763629,0.190901339035955,-0,-0.300818015001537,0.224357457959898,0.172539439196038
0.25090776322245,0.190952927574044,-0,-0.305645701327841,0.245175702912205,0.175183177100108
0.250909184137056,0.190988400366763,-0,-0.310754992455083,0.266644212593591,0.176655188962193
0.250909942458907,0.191012387146785,-0,-0.316159891205515,0.2887534851313,0.176925365348964
0.250910251226088,0.191028213752756,-0,-0.321746053974664,0.311484040530112,0.175951687521372
0.250910253389094,0.191038281518857,-0,-0.326934463286896,0.334709620039399,0.173599243757354
0.250910041129746,0.191044294816136,-0,-0.331749151317698,0.358407221809092,0.169925279965875
0.250909688067333,0.191047448979987,-0,-0.33619976398726,0.382555657061976,0.165011432327912
0.25090927230862,0.191048599170226,-0,-0.340280747299619,0.407128507300554,0.158962354359674
0.250908856201532,0.191048367488893,-0,-0.343972997581269,0.432089576816427,0.151902985104375
0.250908465165039,0.191047205806932,-0,-0.34724831493199,0.457391656150852,0.143974889223492
0.250908101117205,0.191045436632448,-0,-0.350074065651921,0.482977073373969,0.135332810246515
0.250907774403949,0.191043278319669,-0,-0.352416068062233,0.508778638333044,0.126140947744506
0.2509075011335,0.191040874890199,-0,-0.354240349204959,0.534720424123356,0.116568265955206
0.250907285565481,0.191038332760217,-0,-0.35551473580477,0.560717993131472,0.106783810966603
0.250907130312981,0.19103573864269,-0,-0.356209810441473,0.586678003337536,0.0969540335535782
0.250907043109247,0.191033150023376,-0,-0.356298813971507,0.612497404841421,0.0872425079377545
0.25090702961174,0.1910305862072,-0,-0.355757191675933,0.638062519953415,0.0778090433277335
0.250907090706348,0.191028051727979,-0,-0.354562652572238,0.663248873384443,0.0688048769259457
0.250907221875141,0.191025557701993,-0,-0.352695456093276,0.687922745914518,0.0603651649848558
0.250907423791461,0.191023121014442,-0,-0.350138417758355,0.711944323643647,0.0526032958436979
0.250907702215342,0.191020749580314,-0,-0.346876713128456,0.735170393570083,0.0456100730748577
0.250908053244514,0.191018439132087,-0,-0.342898197714849,0.757454511242301,0.0394568641463656
0.250908453642402,0.191016185672989,-0,-0.338194346886776,0.778645293457751,0.0341976981821942
0.250908861022731,0.19101399218646,-0,-0.332760929021437,0.798586156155645,0.029864927050372
0.250909231267578,0.191011874653536,-0,-0.326598576749636,0.817119446070597,0.026459033974124
0.250909539274198,0.191009850039651,-0,-0.319713994778793,0.834094031246855,0.0239399849718113
0.250909788153894,0.191007918042601,-0,-0.312122048175878,0.849372942401906,0.0222270186696148
0.250909985628967,0.191006062498943,-0,-0.303848076208308,0.862839010124079,0.0212067633582903
0.250910132716916,0.19100425198522,-0,-0.29492902864721,0.87439869572114,0.020744000096733
0.250910234566312,0.191002473726987,-0,-0.285412638690714,0.883984711672036,0.020690316560016
0.25091030567876,0.19100079281496,-0,-0.275355251924253,0.891556946944345,0.0208903911468621
0.250910372338428,0.190999264794066,-0,-0.264819205209475,0.897100999033594,0.0211875615290393
0.250910422157035,0.190997833149916,-0,-0.253870036447341,0.900625080690831,0.0214293625349859
0.250910493870333,0.190996436741008,-0,-0.242573391930895,0.902157281401308,0.0214725857768331
0.250910586509031,0.190995041847444,-0,-0.230993464720976,0.901740874732018,0.0211953120913541
0.25091033937205,0.190993270298394,-0,-0.219195361039918,0.899433926892515,0.0205152113132989
0.250909070515276,0.190990332034312,-0,-0.207245107563824,0.895327057924474,0.0193920680772005
0.250906614103095,0.190985813316661,-0,-0.195203500521011,0.889562094489446,0.0178171326101909
0.250903723983034,0.190980200765553,-0,-0.1831220901074,0.882324431414099,0.0158210895600548
0.250900891674202,0.190973975533093,-0,-0.171041434165052,0.873815081740289,0.0134929426849221
0.250897620882413,0.190966691294646,-0,-0.158990997855817,0.864231674116886,0.0109616421269452
0.250935208666318,0.191058428349598,0.000202198922502526,-0.152036857253621,0.862108154233869,0.00833907581711347
0.250999572275252,0.191206652305281,0.000537730012596371,-0.144769675315193,0.858770161175353,0.00573834457101606
0.251100954616778,0.191428869425,0.00104694173877782,-0.137212181619067,0.854353897435887,0.00324025557066992
0.251250420905033,0.191746020755701,0.001775732399035,-0.129395504421578,0.848986889241565,0.00090820404236625
0.251459033868416,0.19218349408103,0.00277813222403094,-0.12135399699959,0.842790560717445,0.00121038638556089
0.251735730417891,0.192771878410893,0.00411852940697301,-0.113119648593749,0.83588181837995,0.000661454809471758
0.25208539620753,0.193547269517515,0.00587221918209822,-0.104721079391432,0.828372550683707,0.000944246061898072
0.252508786744251,0.194550795830395,0.00812467467403001,-0.0961847536565675,0.82036761451669,0.000390068665609806
0.253003791731398,0.195829837020208,0.0109738742515416,-0.0875349826193885,0.81196221106834,0.000679764328891536
0.253568801813348,0.197446396264915,0.0145352086365573,-0.078793225311653,0.80324067978266,0.000141377897815383
0.254208959515903,0.199491358023657,0.0189362882454026,-0.069977817420024,0.794276448768718,0.000452820587064033
0.254941735558844,0.202095022140277,0.0242924028335527,-0.0611041887608245,0.78513203552546,6.02476225852858e-05
0.255797997144297,0.205426552735264,0.0306702562211435,-0.05218516889102,0.775859463633099,0.000157579386380789
0.256817761393289,0.209678714344763,0.0380590722518529,-0.0432312229572044,0.766501067442482,8.76944107935e-05
0.258041526754468,0.215043775574793,0.0463716075349028,-0.0342506758866371,0.757090377920874,0.000140144470615444
0.259503939509044,0.221700469997599,0.0554752157417515,-0.0252499793050817,0.747653205022988,0.000291098975941383
0.261235269848578,0.229816941753833,0.0652223085068567,-0.0162341008371631,0.738208776941884,0.000518671670731303
0.263264173391804,0.23954902429985,0.0754579674945827,-0.00720682679456274,0.728770772314123,0.000803057325952039
0.265615751517972,0.251025246086261,0.086013421570497,0.00182915313288692,0.719348244600431,0.00112687657989763
0.262875076456257,0.272203252296029,0.0953960996504469,-0.137654586636559,0.8660073613108,-0
0.259313093334946,0.296478188459982,0.104412916707887,-0.169541518729134,0.901756075686891,-0
0.256210693710737,0.322074880571751,0.113138663285182,-0.183136748477666,0.917101206716804,-0
0.253908133632186,0.348492295581959,0.121495229096565,-0.190356272225476,0.925183009258737,-0
0.252475301423002,0.375546027606764,0.129370451336985,-0.194638737034253,0.929897038596342,-0
0.251883994753087,0.403142825014964,0.136642173715778,-0.19734838404997,0.932809870987835,-0
0.252071769533558,0.43121532188798,0.14318657582112,-0.199134030761396,0.934673538142229,-0
0.252971819797919,0.459707880193665,0.14888493210564,-0.200342805154651,0.935893530024898,-0
0.254528147628065,0.488580139265232,0.153631665511845,-0.20117632198703,0.936705557421474,-0
0.25670206205125,0.517813814308484,0.157342085054125,-0.201758474939565,0.937253549335638,-0
0.259472789268103,0.547416874962621,0.159957464495936,-0.202168551847316,0.937628570671032,-0
0.262833929153491,0.577423540181066,0.16144688792998,-0.202459072605086,0.93788936955868,-0
0.266174954359629,0.608305898612091,0.161604580782881,-0.202665757321411,0.93807407239391,-0
0.269468922335265,0.640070100234127,0.160449699669526,-0.202813298992777,0.938207501102212,-0
0.272727100275364,0.67270486858133,0.158040597009334,-0.202918938652965,0.938305950925321,-0
0.275960377708293,0.706205034207406,0.154459132424737,-0.202994772270002,0.938380177994793,-0
0.279178141671157,0.740568580686335,0.149807778653931,-0.203049302494731,0.938437249995715,-0
0.282387600365016,0.775793714725928,0.144207028319193,-0.203088536140613,0.938481858485338,-0
0.285593596059346,0.811876014602943,0.137792588935711,-0.203116827624144,0.938517318108308,-0
0.288798662051487,0.848805843946412,0.130711794725933,-0.203137359803707,0.938546037927571,-0
0.292002961429657,0.886565466250791,0.123119267708472,-0.203152315521021,0.938569542238382,-0
0.295204200540667,0.925125522487505,0.11517267174306,-0.203163153765092,0.938588708358798,-0
0.298398184631198,0.964442559313235,0.107030383035854,-0.203170888151127,0.938604108508584,-0
0.301580170451303,1.0044594386051,0.098852916122645,-0.203176205655739,0.938616146523388,-0
0.304745557252584,1.0451064945849,0.0908067490993223,-0.203179590270772,0.938625135606632,-0
0.307888729105879,1.08629970456448,0.0830654221827924,-0.203181464335305,0.938631348703115,-0
0.311000979000394,1.127935951389,0.0758035422918812,-0.203182230720044,0.938635069337443,-0
0.314068957128489,1.16988912475839,0.069184610936552,-0.203182184162061,0.938636573235204,-0
0.317074143690826,1.21201018586735,0.0633482896763298,-0.203181452824941,0.938636063396627,-0
0.319536435900928,1.25390506004789,0.0583737535592905,-0.203180039913546,0.93863376387377,-0
0.319584862633083,1.29427344176076,0.0542382379071191,-0.203177891368515,0.938629996520204,-0
0.31766718520565,1.33288969858876,0.0510254570283616,-0.203175007100256,0.938625067667071,-0
0.314122436276085,1.36954909539152,0.0487617046279415,-0.203171509246739,0.938619250001297,-0
0.309217861089192,1.40406336228465,0.0474250448434682,-0.203167605894928,0.93861285625813,-0
0.303169233657529,1.43625851264767,0.0469503042587754,-0.20316348894133,0.938606181585666,-0
0.296151098379512,1.46597455067461,0.0472294548527087,-0.203159317390033,0.938599463011106,-0
0.288302982937881,1.49306773817483,0.048108444789366,-0.20315533086357,0.938592859291948,-0
0.279736808476839,1.51741688458262,0.0493861522325313,-0.203151722120663,0.938586413594482,-0
0.270547515118899,1.53893317370159,0.050824392914609,-0.203148465834252,0.938580074547102,-0
0.260823738089927,1.55756874324462,0.0521712723398955,-0.20314546690537,0.938573736302522,-0
0.250654493314093,1.57332015225065,0.0531886358414768,-0.203142705538534,0.938567251738135,-0
0.240131891726451,1.58622907381837,0.0536770318634793,-0.203140521946157,0.938560272324364,-0
0.229351126735746,1.59638300775469,0.0534956480676808,-0.203139004410665,0.938551859450898,-0
0.218408814737065,1.60391809256998,0.0525644901675413,-0.203136757377824,0.938540587086615,-0
0.207399475316159,1.60902085975965,0.050853375830766,-0.203132590546078,0.93852611892049,-0
0.196407475658666,1.61190864429315,0.0483971402508519,-0.203127111996443,0.938509866438929,-0
0.191528211268508,1.62289321017696,0.0457607908153605,-0.203135173873939,0.938610473271904,0.000550326369225571
0.186491941860522,1.63192066093068,0.0426860747372231,-0.203170743871168,0.938803441838835,0.00141565873443196
0.181334672040865,1.63914439755746,0.0393713039403287,-0.203250560653744,0.939120725412376,0.00266241035475596
0.17608907156419,1.6447373540783,0.0359902729884601,-0.203393238221406,0.939601307346589,0.00435654539708691
0.170785663128196,1.6488767141929,0.0326903134752287,-0.203617932045118,0.940292533848036,0.00656795771293928
0.165454974603108,1.65174198991742,0.0295853278133078,-0.203941156642484,0.941251192778065,0.00937813810839174
0.160124881133455,1.65351097944748,0.0267563063933614,-0.204369835453263,0.942544890989904,0.0128869414329364
0.15481550922619,1.65435178775113,0.0242592244594123,-0.204897421544906,0.944255818749401,0.0172114278057299
0.1495367108721,1.65441744306409,0.022131943685361,-0.205508604092204,0.946486574270822,0.0224721710751616
0.144289171622682,1.65384323564665,0.0203985564866197,-0.206186580590524,0.949367794193121,0.0287767938350437
0.1390693823001,1.65274895452932,0.0190687078826388,-0.206918217089115,0.953067259038934,0.0362036018817832
0.133874279777262,1.65124221297365,0.0181355876780276,-0.207701355733352,0.957790000669328,0.0447774364444561
0.128701382661578,1.64941836976613,0.0175784254256881,-0.208554862562911,0.96376097649949,0.0544467277844616
0.123547777783683,1.64735966186756,0.0173669847881856,-0.209530162094053,0.971200585782231,0.0650746707535979
0.118410358017298,1.64513524562065,0.0174651621891008,-0.210716707505484,0.980305132512239,0.0764452665032677
0.113286152286678,1.64280185522865,0.0178338940112949,-0.212227574011722,0.991234087575454,0.0882895685631202
0.108172427579899,1.64040483056146,0.0184334687502681,-0.214174113145532,1.00409921246316,0.100324420682276
0.103066807649448,1.63797925918314,0.0192252409931462,-0.216648355856354,1.01895476561886,0.11227981689507
0.0979673771259635,1.63555126624458,0.0201728261845129,-0.219713744013745,1.03579600080787,0.123910706496761
0.0928726544109408,1.63313939611193,0.0212429385059169,-0.223400930148915,1.05456633908364,0.135003813709413
0.0877815172836848,1.63075593804026,0.0224059359198218,-0.227708085910427,1.07516871329733,0.14538354618314
0.0826931130397255,1.6284081225781,0.0236361128579485,-0.232601847304388,1.09747588812797,0.154913198812084
0.168250582004624,1.66768972033796,-0,-0.233195952628193,1.12745652702695,0.161625876004361
0.185975675155667,1.6765365201899,-0,-0.234458291434959,1.15805358109499,0.16741528432997
0.193308233448847,1.68005133418643,-0,-0.236809222786679,1.18868533839875,0.172384111541071
0.197132176705411,1.681725020539,-0,-0.240263796537247,1.2192494534331,0.176525272749397
0.19936833233589,1.68258059817726,-0,-0.24475692631888,1.24975731102136,0.179810082410852
0.200764727681775,1.68302683824924,-0,-0.250215393091041,1.28025846571406,0.182203954061964
0.201672702471591,1.68325738691274,-0,-0.256575376343966,1.31082287730066,0.183672289256327
0.202278505334666,1.68337333681766,-0,-0.263626053896462,1.34164784943639,0.184126043524313
0.202689443180098,1.68343031919501,-0,-0.270904795958036,1.3730712445128,0.18339298938638
0.202971069349645,1.68345956485569,-0,-0.278436462647561,1.40507677015436,0.181494918460044
0.203165291519589,1.68347829864627,-0,-0.286247480221555,1.43766444403662,0.178466739439469
0.203299720267417,1.68349545784818,-0,-0.294362882024329,1.47084773630824,0.174359949395719
0.203392771301383,1.68351513865235,-0,-0.302805242469234,1.50465014262106,0.169245888403986
0.20345682555499,1.68353870015334,-0,-0.311594014286111,1.53910030685776,0.163217902749812
0.20350033738494,1.68356596683771,-0,-0.320743541800295,1.57422627048842,0.15639254443251
0.203529236374895,1.68359593039332,-0,-0.330260313763159,1.61005008345148,0.148908363354286
0.203547803289938,1.68362723745778,-0,-0.340141664887602,1.6465837964687,0.140920012907214
0.203559139765848,1.68365857136747,-0,-0.350376452081808,1.68382689717538,0.132589144422069
0.20356547220972,1.6836888153022,-0,-0.360945895684167,1.72176433325278,0.124077115604823
0.203568435782719,1.68371704619675,-0,-0.371823200498244,1.76036455482221,0.115542324666651
0.203569258170869,1.68374256709237,-0,-0.382973033543616,1.79957808677749,0.107140491662314
0.203568845493639,1.68376493495005,-0,-0.392519825354497,1.83899742788328,0.0987960002549153
0.203567817276247,1.68378392607944,-0,-0.400375824197895,1.87831522359589,0.0907050076412006
0.203566542445898,1.6837994813322,-0,-0.406687812211984,1.91728015060714,0.083079449254722
0.203565212811248,1.68381168714064,-0,-0.411567825811157,1.95565218218989,0.0761068352633237
0.20356393865828,1.68382076065573,-0,-0.415102903270131,1.99319571817896,0.0699470515739328
0.203562793577164,1.68382699046267,-0,-0.417360337299872,2.02967358053537,0.0647290254849879
0.2035617836493,1.68383068681914,-0,-0.418391153263964,2.06484190451515,0.0605477764018589
0.203560902401639,1.6838321430432,-0,-0.418232737504738,2.09844703777151,0.0574582081705855
0.203560182901393,1.68383159105778,-0,-0.416912433208281,2.13022787154016,0.0554634975600324
0.203559580237679,1.68382918593191,-0,-0.414454145251881,2.15992615089764,0.0545027637936359
0.203558995115853,1.68382503939699,-0,-0.410887430735586,2.1873019987829,0.0544468974348934
0.203558402655377,1.6838192735197,-0,-0.406255484581924,2.21214793774294,0.055107980711142
0.203557574334103,1.68381178035103,-0,-0.400618635023736,2.23429673512571,0.0562584899275807
0.203555943297414,1.68380202215963,-0,-0.394053133335061,2.25362398635779,0.057650909038562
0.20355352015317,1.68378996718559,-0,-0.386647068920926,2.2700487103478,0.0590331297297067
0.203551216525877,1.68377678165389,-0,-0.378495161715424,2.28352838057087,0.060171671121322
0.203549728274455,1.6837636049718,-0,-0.369700383520344,2.294060582641,0.0608815683090043
0.203549115397835,1.6837507581014,-0,-0.360380383444593,2.30171004743493,0.0610344085773086
0.203549252769225,1.68373825849566,-0,-0.350659009278123,2.30662528361633,0.0605588284485864
0.203613920144806,1.68372830675304,0.000226414110928863,-0.350346850128353,2.31976712454181,0.0601611593430704
0.203701300958481,1.68375072773659,0.000573764790848331,-0.349539637658919,2.33059212964665,0.0591813283691012
0.203815769512268,1.68382073683031,0.00107745129726742,-0.348253918952346,2.33925913145984,0.0576784463166298
0.203962663710132,1.68395768005746,0.00177793995296852,-0.34651536190218,2.34594200390918,0.0557200793310707
0.204148435465941,1.68418535945493,0.00272052793256088,-0.344362156639529,2.35081573714574,0.0533865239905584
0.20438031732055,1.68453336649221,0.00395923554259324,-0.341839941153979,2.35404907857706,0.0507666466496215
0.204663991999132,1.68503784913009,0.00556095289371883,-0.338995714029559,2.35580897489912,0.0479516471943938
0.205001098041603,1.68573986520971,0.00760335903589936,-0.335874250949317,2.35626439150822,0.0450286989378469
0.205388955046628,1.68668286255665,0.0101723397950008,-0.332518235342647,2.35558536464468,0.0420720759253555
0.20582132642843,1.68791598830353,0.0133733132181783,-0.328968110884778,2.35393821825762,0.0391382306646047
0.206290095135472,1.68950875190115,0.017347404310421,-0.325261294654901,2.3514809917354,0.0362664513974891
0.206790211101162,1.69157228323576,0.0222592785255648,-0.32143149720828,2.34836045946924,0.0334810650917018
0.207327137360196,1.6942744770363,0.0282459281289255,-0.317508597225167,2.34470948026265,0.0307937453675219
0.207921820073039,1.69783304822665,0.0353566872344131,-0.313518660969995,2.34064556350605,0.0282063840794462
0.208608063323814,1.70248306638491,0.0435321316668994,-0.309483814044148,2.33627070953701,0.0257142698234362
0.20942500702757,1.70844958528723,0.0526367482047283,-0.305422351451753,2.33167174857217,0.0233085669374977
0.210413061549822,1.71594401705295,0.0625000528724551,-0.301349207467623,2.32692101319095,0.0209778114699046
0.211614734392172,1.72515993095517,0.0729297070775412,-0.297276642495063,2.32207734882298,0.0187087189395232
0.213074555120008,1.73625635630806,0.083711090615139,-0.293214690965886,2.31718744690196,0.0164871519947703
0.214833878464411,1.74934223161284,0.0946112331300909,-0.289171242164087,2.31228734893408,0.0142994059006506
0.216922763010515,1.76446932207878,0.105388840292677,-0.285152187738772,2.3074038741722,0.0121330460768017
0.219354120870037,1.78163237883455,0.115807636901294,-0.281161713266022,2.3025559787785,0.00997724479431424
0.206508867299692,1.8157571805386,0.122273399351746,-0.346909759665472,2.38564318415867,-0
0.195499797875655,1.84990132516661,0.128175287633498,-0.360450175635609,2.40359739287397,-0
0.186749805139505,1.88351650966043,0.13347971117903,-0.365849977890219,2.41071766672207,-0
0.180085580724569,1.91667509988601,0.138084452861995,-0.368502533329687,2.41412286780976,-0
0.175252116351838,1.9495412193548,0.141898582302362,-0.3699261898591,2.41586353062559,-0
0.172010297837462,1.98227619938072,0.144856523861464,-0.370716021394771,2.41675537829693,-0
0.170155783590076,2.01502360465889,0.146920421433646,-0.37115249566423,2.41718705980242,-0
0.16951778320765,2.04791129628965,0.14807939228947,-0.371383964798302,2.41736497011071,-0
0.169952028852414,2.08105561601112,0.148346689215495,-0.371494742558958,2.41740580063462,-0
0.171332172997703,2.11456396334767,0.147755021662727,-0.371534771535551,2.41737749899987,-0
0.173541218241693,2.14853540721145,0.14635082069613,-0.371534400125469,2.41731967638887,-0
0.176464090956141,2.18306014770448,0.144188903641923,-0.371512262337942,2.41725484952526,-0
0.179595016834905,2.2183531586412,0.141235744662966,-0.371479789403431,2.41719508505522,-0
0.182703597054843,2.25446666468633,0.137538101539812,-0.371443897099842,2.41714606360002,-0
0.185770797482206,2.29137184514192,0.133200722788865,-0.371408562266413,2.41710965015862,-0
0.188774981085604,2.32904347653294,0.128332240945781,-0.371375951755342,2.41708551722325,-0
0.191690725448041,2.36745688933262,0.123043204004142,-0.371347090574587,2.41707216246481,-0
0.194489058036177,2.40658536756422,0.117444750154569,-0.371322237130216,2.4170675527237,-0
0.197138655290716,2.446396975182,0.111649672504823,-0.371301279721384,2.4170695771183,-0
0.19960698631958,2.48684897989536,0.105775257288574,-0.371283865635672,2.41707628894844,-0
0.201861036887702,2.52788101551748,0.0999453088837391,-0.371269553536245,2.41708605236438,-0
0.20386784733244,2.56941059389604,0.0942901451337317,-0.371258057204829,2.41709764589762,-0
0.205085145196325,2.61119181861597,0.0888837805681758,-0.371249090032952,2.41711009370603,-0
0.204771147858105,2.65278829772368,0.0837939856229249,-0.371242251038547,2.4171225287644,-0
0.202954534263886,2.69391792022843,0.0791812541152451,-0.371237153956136,2.41713425106622,-0
0.199684658810078,2.73430041609675,0.0751895513153003,-0.371233457121706,2.4171447476131,-0
0.195028025175188,2.77366347481871,0.0719320571977443,-0.371230822561731,2.41715365955022,-0
0.189065680110947,2.81174839854029,0.0694786961161045,-0.371228985966316,2.4171607390753,-0
0.181894487270261,2.84831377277645,0.0678511844449889,-0.371227823944251,2.41716587267925,-0
0.173631630691763,2.88313698466823,0.0670295442484932,-0.371227273236358,2.41716911036165,-0
0.16441790182449,2.9160124151243,0.0669666877047102,-0.371227206611245,2.41717059363073,-0
0.154415725556572,2.94674558654273,0.067598947423055,-0.371227458144663,2.41717046158304,-0
0.143799772886184,2.97514794277495,0.0688432372809514,-0.371227959533043,2.41716883956179,-0
0.132741084640331,3.00103804700635,0.0705839470025629,-0.371228709079793,2.41716587450015,-0
0.121391217554296,3.02424875877464,0.0726598105003106,-0.371229728800353,2.41716177552124,-0
0.109874582895985,3.04463840056941,0.0748610364102948,-0.37123103604904,2.41715679144968,-0
0.0982921454815304,3.06210157146169,0.0769485017148168,-0.371232477760174,2.41715101118562,-0
0.0867320121239705,3.07657258949626,0.0786928838287405,-0.371233969206551,2.41714421911964,-0
0.0752758929634263,3.08803457360306,0.079906123997213,-0.371235398118245,2.41713598441591,-0
0.0639968416371446,3.09654588084643,0.0804491820694888,-0.371236248606617,2.41712572725545,-0
0.0529556665410607,3.10225371930369,0.0802399425823297,-0.371236208499009,2.41711310148885,-0
0.0421957418501795,3.10536389763272,0.0792755069195574,-0.371235365564169,2.41709829059842,-0
0.0317360235118367,3.10609796174119,0.0776314669868695,-0.371233320255231,2.4170815233785,-0
0.0275359188086495,3.11483349400763,0.0763164905223661,-0.37133453132883,2.41710905993261,0.00046782948496187
0.0233924508918048,3.12153785352983,0.0745539328028299,-0.371483419982354,2.41720157485158,0.0012068570565266
0.019289350659689,3.1263845946663,0.0724663250216189,-0.371696871753182,2.41738597604955,0.00228367225384079
0.0152211315624774,3.12954952041388,0.0701720232859851,-0.371993582713978,2.4176951222879,0.00376486069075436
0.0111894834769804,3.13121131245818,0.0677784428342642,-0.372389171620857,2.41816792493816,0.00571709753708246
0.00719844916363861,3.13154894845164,0.0653739887206255,-0.372884465065499,2.41884947942457,0.00821333953978485
0.00325125489844382,3.13073965017284,0.0630240045969683,-0.37345965187257,2.41979105953386,0.0113394172990564
-0.000650589792030569,3.12895726688223,0.0607728498366179,-0.374086587622559,2.42105335469679,0.0152006792367979
-0.00450751557636325,3.12636712349147,0.0586455252811184,-0.374746615462608,2.422717478468,0.0199294311520699
-0.00832150843833257,3.12312107528869,0.0566504550804018,-0.375440133974469,2.4249003710677,0.0256752871804983
-0.0120952526454571,3.11935503506481,0.0547843217769408,-0.376191971740698,2.4277656765821,0.032567704339066
-0.0158313664993809,3.11518806015347,0.0530358095576798,-0.377054357120741,2.43152139541522,0.0406729512481707
-0.019532337042792,3.11072239252886,0.0513888649124256,-0.378104932607581,2.43640057359089,0.0499687963223862
-0.0232005686225324,3.10604411698884,0.0498251616590294,-0.379446578580218,2.44263443356799,0.0603359678221654
-0.0268382102039426,3.10122427894421,0.0483256908109704,-0.381208617953213,2.45043045267623,0.0715622215509869
-0.030447087198893,3.09632025275151,0.0468720242775566,-0.383535034838144,2.45995898396721,0.0833693045468645
-0.0340286708325206,3.09137723269783,0.0454471882880951,-0.386562931234853,2.47134487126901,0.0954569215696117
-0.0375841501300572,3.08642978273027,0.0440362699277589,-0.390407342483045,2.48465953424531,0.107535536669551
-0.041114581832426,3.08150334628753,0.0426268072297619,-0.395153016583703,2.49991793977913,0.119338958963836
0.0126977245841192,3.15934520891468,-0,-0.391970261706646,2.52974192252914,0.127952595257461
0.0240823007872301,3.17697732561879,-0,-0.3903194922681,2.56010259770173,0.135919043210863
0.0287196276279945,3.18411510257181,-0,-0.390593303469505,2.59031055622024,0.143190972149224
0.0310633744528036,3.18759243182943,-0,-0.392709711276765,2.62030696952972,0.1496371397962
0.0323715854562411,3.18941085484006,-0,-0.396494799083926,2.65015043914587,0.155133763755366
0.0331380016257117,3.19037470339343,-0,-0.401769992555603,2.67992071826583,0.159587010743597
0.0335956472776812,3.19087029465245,-0,-0.408374531501471,2.70969727114825,0.162934159737616
0.0338679203741828,3.19110425613546,-0,-0.416169045484889,2.73955648440005,0.165138524753478
0.0340254184823506,3.19119424829477,-0,-0.425034121336523,2.76957442810566,0.166185246706686
0.034110859436636,3.19120934637336,-0,-0.434867172944722,2.79982968792578,0.166077844328218
0.0341510834559134,3.19119013322995,-0,-0.445577566812976,2.83040422206576,0.164834242947817
0.0341633097810396,3.19115989921665,-0,-0.457080756924412,2.86138285153212,0.162483230414154
0.0341588608625102,3.1911313076411,-0,-0.469131505322217,2.89294521826919,0.159015085665202
0.0341452766107202,3.19111043538137,-0,-0.481516455727967,2.9252196536141,0.154446932036594
0.0341273739119996,3.19109940315499,-0,-0.494232760294251,2.95821246270261,0.148869783627043
0.0341079020219238,3.19109805138648,-0,-0.507280043081691,2.99193825874665,0.142385177834247
0.034088178528171,3.19110504408498,-0,-0.520656579890554,3.02641566333953,0.135106193497406
0.0340688202121298,3.19111859975024,-0,-0.534354841459563,3.06166229409871,0.127158177492451
0.0340502303369773,3.1911368338888,-0,-0.54835859297577,3.09769020324058,0.118678306359533
0.034032658951558,3.19115793920228,-0,-0.562642638141546,3.13450280182519,0.109814791953871
0.0340162711759648,3.19118029891766,-0,-0.576341256240935,3.17215232622901,0.100612938296906
0.0340012973067027,3.19120255880945,-0,-0.589286455868007,3.21052593262973,0.0912596810403373
0.03398796310298,3.1912236605266,-0,-0.601340030560296,3.2494757945448,0.0819635761730003
0.0339763940646064,3.19124281890795,-0,-0.612379149146657,3.28881998136399,0.072944783925186
0.0339666243237057,3.19125951285742,-0,-0.622296164118878,3.32834162985124,0.0644225861727353
0.0339585933498505,3.19127346313468,-0,-0.630998478798031,3.36779038176529,0.0566014302991278
0.0339521804580638,3.19128457764148,-0,-0.638408711777632,3.40688722611298,0.0496577694085327
0.033947269625142,3.19129289737027,-0,-0.64446528191636,3.44533208345839,0.0437289285274269
0.0339437653592072,3.19129855330412,-0,-0.649123203955069,3.48281325479758,0.038904658210978
0.0339415666712242,3.19130173991877,-0,-0.652355419506799,3.51901813796189,0.0352222945613423
0.0339405467203683,3.19130268881367,-0,-0.654154844505586,3.55364348599363,0.0326676711282927
0.0339405616122974,3.19130164269197,-0,-0.654535425733844,3.58640282525781,0.0311818292570682
0.0339414781156597,3.19129884440827,-0,-0.653529961872167,3.61703091321008,0.0306680549343887
0.0339431945041761,3.19129452690779,-0,-0.651184928828125,3.6452881391704,0.0309933213563154
0.0339456028863654,3.19128892305637,-0,-0.647554940626485,3.67096709005166,0.0319855000643087
0.0339486005197325,3.19128224325966,-0,-0.642698990467806,3.69390032406268,0.0334330806395632
0.033952127390512,3.19127466194702,-0,-0.636678749168997,3.71396697749302,0.0350922426759837
0.0339560923154407,3.19126629682874,-0,-0.629558655527378,3.73109654166386,0.0367019780818439
0.0339602405791255,3.19125690352976,-0,-0.621411046632966,3.7452666878636,0.0380126526709985
0.0339637074199538,3.19124554686402,-0,-0.612328642583903,3.75650526250376,0.038821040899379
0.0339658652066699,3.19123169492969,-0,-0.602431387701513,3.76490798173468,0.0389868043265771
0.0339674862373032,3.1912162790984,-0,-0.591855962467289,3.7706365785599,0.0384448216790495
0.0339693379591998,3.19120038492511,-0,-0.580737494104152,3.77388185994324,0.0372201659983502
0.0339711237786734,3.19118383763275,-0,-0.56919797888086,3.77484394828503,0.0354013840841119
0.0341136070561594,3.19114201086666,0.00024757881256449,-0.567054359679633,3.78308849706333,0.0333867592757324
0.0342999549158816,3.19113744607362,0.000645723976939967,-0.564401206408584,3.78939682379556,0.0309804219557655
0.0345401641505418,3.19118867811112,0.00123195272447693,-0.561302871530148,3.79392320183496,0.0282905147012529
0.0348465097271756,3.19131802061031,0.00204571209257772,-0.557823724383642,3.79682404604829,0.0254297441149326
0.0352326406141643,3.19155307354757,0.00313576110484083,-0.554025138685702,3.79826575386062,0.0225012066186181
0.03570807674157,3.19192657408099,0.0045684647316648,-0.549964556598199,3.79842550708128,0.019587230075367
0.0362722342070555,3.19247437015163,0.00642847974921406,-0.545695202514382,3.79748298798759,0.016746729525512
0.0369130907651072,3.19323385802291,0.00881480087160334,-0.541264539116001,3.79561173615761,0.0140185132763407
0.0376091849590532,3.19424772186991,0.0118447203460123,-0.536713209178352,3.79297384012197,0.0114252556410957
0.0383351183761304,3.1955782785759,0.0156617704727353,-0.5320755088632,3.78971696851981,0.00897602461369223
0.0390706398953845,3.19732878274102,0.0204261023193267,-0.527380449460685,3.7859725065497,0.00666840418751771
0.0398091941493103,3.19965794604723,0.0262765838650005,-0.522652355996231,3.78185475538906,0.0044914122589673
0.0405610366916971,3.20277585563926,0.0332795254422359,-0.517911109576389,3.7774611593199,0.00242892781368581
0.0413467200382525,3.20692146556954,0.0413979512343283,-0.513172529813843,3.77287316940501,0.000462445730419798
0.0421868018572243,3.21233942908482,0.0505056367553581,-0.508448828911986,3.76815748884812,0.00142697713628187
0.0431006553603382,3.21926842243849,0.0604247808849262,-0.503749142772732,3.76336751277453,0.000403592810896748
0.0441146055948638,3.22792836261244,0.0709504626390985,-0.499080174872928,3.75854482261169,0.0013850580441274
0.04526795701065,3.23849961912008,0.0818583681830361,-0.494446694806316,3.75372071696719,0.000376899964762312
0.0466087225592863,3.25110609465241,0.0929103105095108,-0.489851781394302,3.74891775900192,0.00137144784594809
0.0338173921789023,3.27823016011823,0.101414123057852,-0.560091397157055,3.82478914677433,-0
0.0221688980588355,3.30641750319389,0.109577446344263,-0.575415670352787,3.84232011416181,-0
0.0122430128997959,3.3350874004101,0.117303141244543,-0.581624076795924,3.84947871999244,-0
0.00401640155722703,3.36417151247498,0.124442707864497,-0.584698912459236,3.85300264952015,-0
-0.00266325588005674,3.39368761486631,0.130855903785994,-0.586356842697115,3.85487676888606,-0
-0.00797038421603454,3.42365685881767,0.136426669586059,-0.587277803526072,3.8559000632199,-0
-0.0120699068519432,3.45409120631803,0.141068238003762,-0.5877850952901,3.85645580749209,-0
-0.0151072881594879,3.48499778267323,0.144723136829718,-0.588050911053528,3.85674843732606,-0
-0.0172059495311414,3.51638593186537,0.147360866565506,-0.588173735720087,3.85689402939465,-0
-0.0184683362228649,3.54827292415584,0.148975044451124,-0.588212323595821,3.85696063957528,-0
-0.0189799690875403,3.58068662699323,0.149580798956339,-0.588202474119613,3.85698840287587,-0
-0.0188156890045887,3.61366428475664,0.149212325669825,-0.588166324252778,3.85700046811029,-0
-0.0180467206316384,3.64724778390157,0.147920031563681,-0.588117515621946,3.85700988526145,-0
-0.0167471941763641,3.68147725787683,0.145767036585353,-0.588064301083373,3.85702364567381,-0
-0.0151338557141194,3.71641750355815,0.142794003581947,-0.588011687761368,3.85704438485588,-0
-0.0135087365524938,3.75211232545638,0.139034846331319,-0.587962549339913,3.85707187802873,-0
-0.0118665380490912,3.7885170085559,0.134605707311322,-0.58791821314742,3.85710442781339,-0
-0.0102018658338598,3.82558870052655,0.129630817086328,-0.587879110262621,3.85713973762825,-0
-0.00850998116301549,3.86328410029369,0.124241294971207,-0.587845221631488,3.85717557798054,-0
-0.00678786203218782,3.9015562560611,0.118571409754362,-0.587816183486643,3.85721012193197,-0
-0.00503523906093088,3.94035184656917,0.112754220447734,-0.587791447091365,3.8572419761766,-0
-0.00325543598687601,3.97960926180809,0.106918892751446,-0.587770502766946,3.8572702818505,-0
-0.00200189901807044,4.01912888395098,0.101111925661646,-0.587752991461596,3.85729473592822,-0
-0.00160233717441066,4.05866783297266,0.0954227483034476,-0.587738686729335,3.85731536373545,-0
-0.002117928644234,4.09800946423966,0.0899782187384704,-0.587727429950495,3.85733236682639,-0
-0.00358424393459832,4.13692751510529,0.0849031477797988,-0.58771900421609,3.85734591750637,-0
-0.00601301891787187,4.17519183706001,0.0803169119692945,-0.587713044508601,3.8573562346499,-0
-0.00939514556207157,4.21257412055596,0.0763282585352341,-0.587709191701771,3.85736365899081,-0
-0.0137041636637257,4.24885345679672,0.0730283786418312,-0.587707192197258,3.85736846475879,-0
-0.0188997426435335,4.2838214846065,0.0704838769701329,-0.587706786468814,3.85737083784195,-0
-0.0249306482959234,4.3172872366407,0.0687316493146425,-0.5877077138027,3.85737094422898,-0
-0.0317365363244413,4.34908137814077,0.067777223738852,-0.587709810454231,3.85736901832241,-0
-0.0392488858823861,4.37905869237226,0.0675971574881397,-0.58771292671659,3.85736535403616,-0
-0.0473926365927295,4.40709769507957,0.0681442695259801,-0.587716850547565,3.85736014612826,-0
-0.0560898810842568,4.43309726726555,0.0693521977418567,-0.587721389782864,3.857353458898,-0
-0.0652655033920221,4.45697182225078,0.0711353937873581,-0.587726385851272,3.85734535037291,-0
-0.0748531936714252,4.4786475412571,0.0733840084396267,-0.587731677733407,3.8573359496337,-0
-0.0847992329735789,4.49806121682516,0.0759572492555896,-0.587737187669034,3.85732544289249,-0
-0.0950607910351543,4.51516162260051,0.0786809045202488,-0.587742909572171,3.85731398746014,-0
-0.105597570501911,4.52991257279938,0.0813546867951753,-0.587748888077377,3.8573016855293,-0
-0.11636171825492,4.54229563907844,0.083770037605637,-0.587755115173969,3.85728863978069,-0
-0.127296985285304,4.55230679788481,0.0857309552658825,-0.58776151462557,3.85727496804253,-0
-0.138346904008034,4.5599479594935,0.0870690666170975,-0.587768104039137,3.85726065312965,-0
-0.149456071290863,4.5652324842674,0.0876507365108086,-0.587774753100979,3.85724544037972,-0
-0.160565243630164,4.56821454440999,0.0873759717600457,-0.587781285844236,3.85722900279874,-0
-0.17161438748109,4.56901694392466,0.0861754472785711,-0.587787619370885,3.85721114100576,-0
-0.182552942529096,4.56782057425345,0.0840469776273994,-0.587793471567451,3.85719186513562,-0
-0.193348392776863,4.56482383101468,0.0811155235395401,-0.58779841212971,3.85717137348533,-0
-0.198235831013144,4.57061009550686,0.07856979871533,-0.587916910168731,3.857062166651,0.000400870238245808
-0.203219099651447,4.5747924258367,0.0756322918649589,-0.588070134608686,3.85697408034387,0.00101288013586386
-0.208316413653027,4.57753587076217,0.0724872405597803,-0.58826920716583,3.85692399787676,0.00188280351646727
-0.213537044366242,4.57900131872594,0.0692917232346949,-0.588528345697641,3.85693284543462,0.00305777921849206
-0.218880399403252,4.57934110278865,0.0661740944737874,-0.58886452132691,3.85702586741465,0.00458407075487145
-0.224339994635235,4.57869898986201,0.0632357536413571,-0.589295288884107,3.85723267526257,0.0065068659352206
-0.229908617674078,4.57720210039328,0.060557882808967,-0.58983320350505,3.85758687422657,0.00887017308605617
-0.235578258019768,4.57496493133893,0.0582032178357909,-0.590479342509113,3.8581247768814,0.011722557653029
-0.241338309273931,4.57209899941251,0.056212720316527,-0.591223286245021,3.85888567830999,0.0151285445939565
-0.247176992971027,4.56871166673667,0.05460355720059,-0.592052625319886,3.85991771968317,0.0191761997081199
-0.253082729814017,4.56490140788839,0.0533725328631848,-0.592963801840044,3.86128820195737,0.0239773228583775
-0.259044255107374,4.56075569991001,0.0525019228759207,-0.59396579333066,3.86309450032929,0.0296557453602713
-0.265050657362155,4.55635002234157,0.0519641164154616,-0.595079314889412,3.86547145267672,0.0363183392557739
-0.271091585048772,4.55174778053391,0.0517254669411435,-0.596335595038171,3.86859100000279,0.0440198823311473
-0.27715728187193,4.54700095080822,0.0517492716128905,-0.597778516314396,3.87265071730012,0.0527326123253794
-0.283238455042138,4.54215108796052,0.0519977978833001,-0.599472247590391,3.87784631847476,0.0623230730434242
-0.289326411655911,4.53723050483818,0.0524340479464031,-0.601500486113166,3.8843427006994,0.0725610383617964
-0.295413271095527,4.532263504529,0.053023142986353,-0.603952440026504,3.89227030888267,0.0831716580957539
-0.301492093722527,4.52726759570182,0.0537332705038441,-0.606911606961965,3.90173274480649,0.0938887513026943
-0.307556968452433,4.52225469077646,0.054536208877258,-0.610452167215403,3.91280122443545,0.10447842302699
-0.210997450009901,4.60352585331441,-0,-0.606143674845658,3.93891832766189,0.11238802760229
-0.190032086040242,4.62312968277193,-0,-0.602516705007778,3.96603181438887,0.119748237694423
-0.181389207090266,4.63163555608787,-0,-0.600273683852674,3.99324411078441,0.126551611369254
-0.176982792039088,4.63621125501963,-0,-0.599512461155218,4.02039338246366,0.132687456290229
-0.174507704151239,4.63896690234553,-0,-0.600168619454965,4.04746650381889,0.138029399572662
-0.173053520163048,4.64074867077101,-0,-0.602130685632465,4.07448604688305,0.142469200421483
-0.172187450637783,4.64196181723387,-0,-0.605281445879864,4.10148252689545,0.145926703807574
-0.171677691483948,4.64282347056312,-0,-0.609514415908567,4.12848527068251,0.148346562556644
-0.171389752238289,4.64345881817975,-0,-0.61474122961554,4.15552233936826,0.14969527729203
-0.171241376319176,4.64394372530371,-0,-0.620893588047972,4.18262473026491,0.149962985632983
-0.171180448107483,4.64432568484092,-0,-0.627921119463822,4.20982935286729,0.149165455509583
-0.171173276826702,4.64463503847968,-0,-0.635786800106766,4.23717851567222,0.147342402408936
-0.171197924189989,4.64489144053675,-0,-0.644461039001437,4.2647176579218,0.144553461067402
-0.171240161828007,4.64510780479717,-0,-0.653914683817826,4.29249256492666,0.140874989101166
-0.171290778619083,4.64529274428953,-0,-0.663932789907099,4.32066064502499,0.136351703743286
-0.171343820078405,4.64545207172404,-0,-0.674306474966194,4.34932381742645,0.131056121009374
-0.171395594251755,4.64558976237915,-0,-0.685027794912055,4.37842745543671,0.125130810460555
-0.171443963622678,4.64570861065497,-0,-0.69607507101852,4.40790663215797,0.118723948758356
-0.171487799556191,4.6458106898948,-0,-0.70741014740003,4.43768095487546,0.111984086441025
-0.171526560211917,4.64589765997663,-0,-0.718977996161347,4.46765151147939,0.105056260395998
-0.171560056579637,4.64597093845708,-0,-0.730709763526818,4.49770190435826,0.0980800487480652
-0.17158839251435,4.64603178432027,-0,-0.742528067419187,4.5277013256269,0.0911889407286165
-0.171611885015875,4.64608138173253,-0,-0.754351816451709,4.55750675416471,0.0845090616064291
-0.171630972359149,4.64612088164884,-0,-0.766098865439294,4.58696381645167,0.0781554041643542
-0.171646113015967,4.64615137773342,-0,-0.777551891702821,4.61591833361184,0.072212395235293
-0.171657700718835,4.64617387897959,-0,-0.787958297181929,4.64420744937333,0.0666977684176187
-0.17166610552369,4.6461893166991,-0,-0.797256373745915,4.67158933843803,0.0616744898928158
-0.17167169220469,4.64619856237644,-0,-0.805411061092202,4.69783584699567,0.0571741471554463
-0.171674770835536,4.64620239235529,-0,-0.812415416463934,4.72274296473755,0.053198408553446
-0.171675608922789,4.64620146817505,-0,-0.818289549269549,4.74614052430082,0.0497241510516314
-0.171674450088964,4.64619639714384,-0,-0.823076805114074,4.76789836517573,0.04671177773134
-0.171671526730048,4.64618776247842,-0,-0.826838033535381,4.78792651698786,0.0441156362327669
-0.171667071787883,4.64617608629569,-0,-0.82964439820496,4.80617033997525,0.0418919672614066
-0.17166129990379,4.64616181457443,-0,-0.831569568546816,4.82260399265921,0.0399992790238039
-0.171654379742271,4.64614532957547,-0,-0.83268338766855,4.83722468697866,0.0383922476082882
-0.171646393340591,4.6461269437732,-0,-0.833055743144089,4.8500394124619,0.0370318212155267
-0.17163736624012,4.64610691328092,-0,-0.832769238937461,4.86105069574702,0.035914132808058
-0.171627403618641,4.64608548763503,-0,-0.831916271634474,4.8702693802391,0.0350544820003773
-0.171616734175314,4.64606290256661,-0,-0.830583795112817,4.87773936234799,0.0344256014182466
-0.171605583965187,4.64603935351889,-0,-0.828854304893417,4.88354133938499,0.033965767304326
-0.171594076019972,4.64601502449861,-0,-0.826815130297551,4.88778152789076,0.0336547256378064
-0.171582322414525,4.64599010221358,-0,-0.824554873010785,4.89058304440004,0.0335203611299904
-0.171570497449599,4.64596469707083,-0,-0.822152782509578,4.89208311226613,0.0335897851004034
-0.171558707107057,4.64593883083402,-0,-0.819673299471877,4.89242865955903,0.0338775586667728
-0.17154692678968,4.64591256920328,-0,-0.817166874367486,4.89176945723686,0.0343905912934551
-0.171535084577439,4.64588601542173,-0,-0.814672758018164,4.89025230943866,0.0351273032012122
-0.171523181744378,4.64585924653991,-0,-0.812220923595582,4.88801656566711,0.0360799605185566
-0.171511351157634,4.64583230481048,-0,-0.809833661677208,4.88519108391553,0.037236385500033
-0.171499747341183,4.64580518276312,-0,-0.807527180885082,4.88189256943138,0.0385813031324911
-0.171488488634445,4.64577787181319,-0,-0.805312960059685,4.87822480772549,0.0400973326383244
-0.17147767796732,4.64575039534446,-0,-0.793380294470005,4.89927932621856,-0
-0.171467343277448,4.64572282525286,-0,-0.789690357901353,4.9073380859308,-0
-0.171457413204469,4.6456952606623,-0,-0.787876204801906,4.91177657976891,-0
-0.171447774972564,4.64566775110089,-0,-0.786775762084288,4.9145684087214,-0
-0.171438275796598,4.64564030740018,-0,-0.786018580210593,4.91641848003454,-0
-0.171428728032203,4.64561297155503,-0,-0.785451969442077,4.91766243774806,-0
-0.171418946022539,4.64558583500837,-0,-0.785003503750682,4.91849331248414,-0
-0.17140871116798,4.64555901629662,-0,-0.784635419934064,4.91903613447449,-0
-0.171397783084266,4.6455326009787,-0,-0.78432637045593,4.91937762923309,-0
-0.171385972159048,4.64550661518899,-0,-0.784063520684337,4.91958026509444,-0
-0.171373230969365,4.64548104565571,-0,-0.783838805824147,4.91968971967323,-0
-0.171359596464519,4.64545587541606,-0,-0.783646566970383,4.91973917787789,-0
-0.171345003381821,4.6454311228612,-0,-0.78348226892108,4.91975222532605,-0
-0.171329349598814,4.64540678366093,-0,-0.783342323545503,4.91974522511727,-0
-0.171312627389486,4.64538279808835,-0,-0.783224053282052,4.91972924692994,-0
-0.171294931818302,4.64535907540188,-0,-0.783125112646209,4.91971147415904,-0
-0.171276466612172,4.64533551406167,-0,-0.783043143380983,4.91969623575175,-0
-0.171257565067829,4.64531201320729,-0,-0.782976066762818,4.91968573371921,-0
-0.171238602475499,4.64528844855887,-0,-0.782922168496039,4.91968063391925,-0
-0.171219877609599,4.64526470449905,-0,-0.782879848272094,4.91968063891236,-0
-0.171201640400333,4.64524066278981,-0,-0.782847542416864,4.91968493539401,-0
-0.17118415834283,4.64521613575992,-0,-0.782823800679898,4.91969246346688,-0
-0.171167760215512,4.64519090150662,-0,-0.782807375124441,4.91970207162698,-0
-0.171152770612448,4.64516478259013,-0,-0.78279721655328,4.919712646752,-0
-0.171139444610739,4.64513768182221,-0,-0.782792320614911,4.9197232166164,-0
-0.171127929496456,4.64510957142514,-0,-0.78279174821808,4.91973297411331,-0
-0.171118318073176,4.6450804124636,-0,-0.782794693502084,4.91974127577404,-0
-0.171110955732718,4.64505000086316,-0,-0.782800468421762,4.91974765885415,-0
-0.171106519542402,4.64501774664575,-0,-0.782808537938493,4.91975184325469,-0
-0.171105169728413,4.64498347690065,-0,-0.782818507819139,4.91975371080179,-0
-0.171106047441524,4.64494818542744,-0,-0.782830084069516,4.91975325793523,-0
-0.17110804140184,4.64491298767434,-0,-0.782843020246062,4.91975053578714,-0
-0.171110179114089,4.64487853684735,-0,-0.782857097605869,4.91974564247503,-0
-0.171111603014245,4.64484527195317,-0,-0.782872134787986,4.91973872259026,-0
-0.171111669514327,4.6448134409956,-0,-0.782887942841517,4.9197299550519,-0
-0.171109884203097,4.64478316709756,-0,-0.782904331141446,4.91971953637027,-0
-0.171105915333742,4.64475445810808,-0,-0.782921150375397,4.91970765671866,-0
-0.171099637289764,4.64472724237579,-0,-0.782938276109932,4.91969450245268,-0
-0.17109106857337,4.64470141392469,-0,-0.782955617059299,4.91968025543656,-0
-0.171080293868754,4.64467682906014,-0,-0.782973124374519,4.91966508479829,-0
-0.171067477620149,4.64465331153383,-0,-0.782990771846934,4.91964914510605,-0
-0.171052882053797,4.64463068164707,-0,-0.783008542463165,4.91963257715337,-0
-0.171036798820165,4.64460876411974,-0,-0.783026417500448,4.9196154978803,-0
-0.171019520866778,4.64458739028255,-0,-0.783044385271582,4.91959798651618,-0
-0.171001344255285,4.64456641631034,-0,-0.78306246164695,4.91958011359391,-0
-0.170982517813973,4.64454570875655,-0,-0.783080668165359,4.91956196374716,-0
-0.17096325818966,4.64452513949309,-0,-0.783098987189788,4.91954361600398,-0
-0.170943792711247,4.64450461365087,-0,-0.783117376725137,4.91952513600221,-0
-0.170924341469304,4.64448405383203,-0,-0.783135804467636,4.91950658049018,-0
-0.17090507456851,4.6444633811798,-0,-0.783154239456567,4.91948799753649,-0
-0.1708860943944,4.64444252519107,-0,-0.78317265037127,4.91946941550996,-0
-0.170867489369565,4.64442143312805,-0,-0.783191025730172,4.91945084555396,-0
-0.170849374634492,4.64440008043816,-0,-0.783209379960764,4.9194323039187,-0
-0.170831844003715,4.64437845494985,-0,-0.783227762395839,4.91941380826915,-0
-0.170814937702498,4.64435655454772,-0,-0.783246234544871,4.91939536209427,-0
-0.170798682131846,4.64433440794219,-0,-0.783264801352119,4.91937696250479,-0
-0.170783086741762,4.64431205231466,-0,-0.783283441400921,4.91935861308829,-0
-0.170768127512296,4.64428950645293,-0,-0.783302174982328,4.91934032507266,-0
-0.170753778197177,4.64426678721728,-0,-0.783321033788009,4.91932209867342,-0
-0.170740020399257,4.64424392664659,-0,-0.783340012983985,4.91930392026368,-0
-0.170726829032835,4.6442209506955,-0,-0.783359066255355,4.91928578475546,-0
-0.170714166313332,4.64419787276408,-0,-0.783378148005761,4.91926770205202,-0
-0.170701990334365,4.64417472161527,-0,-0.783397241718747,4.91924968758586,-0
-0.170690245941785,4.64415153696686,-0,-0.783416346899941,4.91923175503206,-0
-0.17067885384297,4.64412834011737,-0,-0.783435457843926,4.91921391608484,-0
-0.170667743844785,4.64410513898488,-0,-0.783454544188304,4.91919617585328,-0
-0.170656881103872,4.64408195787732,-0,-0.783473567542899,4.91917854412401,-0
-0.17064623769576,4.64405881915013,-0,-0.783492501233569,4.91916103115073,-0
-0.170635772514993,4.64403572057797,-0,-0.783511331318972,4.91914362640766,-0
-0.170625452203196,4.64401266502261,-0,-0.783530065452833,4.91912631203421,-0
-0.170615259629063,4.64398965727615,-0,-0.783548725609486,4.91910907873974,-0
-0.170605159546383,4.64396669695797,-0,-0.783567328105964,4.9190919206923,-0
-0.170595094625506,4.64394378766955,-0,-0.783585877289704,4.91907482830209,-0
-0.170585026259202,4.64392092431264,-0,-0.783604370326522,4.91905778993547,-0
-0.170574940725624,4.6438981014197,-0,-0.783622802217848,4.919040785592,-0
-0.170564840533908,4.64387532020654,-0,-0.783641181479252,4.9190237923216,-0
-0.170554734186637,4.64385258580611,-0,-0.783659529868347,4.91900679614826,-0
-0.170544599442587,4.64382990009751,-0,-0.783677864788273,4.91898978676457,-0
-0.170534388297152,4.64380725076078,-0,-0.783696193538094,4.91897276084462,-0
-0.170524083044344,4.64378463347172,-0,-0.783714512650509,4.9189557248768,-0
-0.170513688289857,4.64376205216376,-0,-0.78373281283283,4.91893869338914,-0
-0.170503198915027,4.64373949598736,-0,-0.783751088704572,4.91892168562729,-0
-0.170492614325885,4.64371696236447,-0,-0.78376935034875,4.91890471322062,-0
-0.170481937654998,4.64369445608454,-0,-0.783787609921948,4.91888777468413,-0
-0.170471180434429,4.64367196383233,-0,-0.783805854006885,4.91887086794813,-0
-0.170460371192941,4.64364947695661,-0,-0.783824055348965,4.91885399915355,-0
-0.170449542184309,4.64362700345454,-0,-0.783842183215861,4.91883717154183,-0
-0.170438723253284,4.64360455794765,-0,-0.783860220602666,4.91882038036255,-0
-0.170427940127769,4.64358216551013,-0,-0.783878187320319,4.91880362490018,-0
-0.170417214689385,4.64355985433698,-0,-0.783896111409868,4.91878691420871,-0
-0.170406557170166,4.64353763549113,-0,-0.783914015549209,4.91877026705451,-0
-0.170395966347809,4.64351550363916,-0,-0.78393191765731,4.9187537055523,-0
-0.170385425893417,4.64349345982076,-0,-0.783949823141141,4.91873723806672,-0
-0.170374900835077,4.64347152013255,-0,-0.783967720253544,4.91872086829701,-0
-0.170364364475874,4.64344970397713,-0,-0.783985578770223,4.91870461068648,-0
-0.170353814632549,4.64342800779298,-0,-0.784003374956805,4.91868847475863,-0
-0.170343255328272,4.64340639482081,-0,-0.784021092189224,4.91867245613135,-0
-0.17033267738062,4.64338481197051,-0,-0.784038704833255,4.91865652805993,-0
-0.170322071404785,4.64336321788808,-0,-0.784056192478201,4.9186406497142,-0
-0.170311445285739,4.64334161086214,-0,-0.784073544489374,4.91862480171323,-0
-0.170300826715742,4.64332001154684,-0,-0.784090777999651,4.91860898299011,-0
-0.170290252585434,4.64329843173437,-0,-0.784107955479735,4.91859318633241,-0
-0.170279736727052,4.64327687303892,-0,-0.784125140315399,4.91857739416666,-0
-0.170269258274628,4.64325533565285,-0,-0.784142365987419,4.91856159417051,-0
-0.170258799951093,4.64323382612311,-0,-0.784159639952052,4.91854578599983,-0
-0.170248362326886,4.64321234999197,-0,-0.784176953572391,4.91852997201422,-0
-0.170237946443055,4.64319090027898,-0,-0.78419429751425,4.91851415772572,-0
-0.170227552985954,4.64316948058804,-0,-0.784211655703904,4.91849835661688,-0
-0.170217172476921,4.64314811510272,-0,-0.784229007678554,4.91848258557949,-0
-0.170206787475803,4.64312681071094,-0,-0.784246343356978,4.91846685443135,-0
-0.170196394854609,4.64310556038486,-0,-0.784263655289206,4.91845116457597,-0
-0.170186020983506,4.64308437236874,-0,-0.784280937737292,4.9184355207481,-0
-0.170175712688893,4.64306326837079,-0,-0.784298186638671,4.91841993721277,-0
-0.170165502127198,4.64304226821489,-0,-0.784315389784935,4.91840442271685,-0
-0.170155397877577,4.64302137895813,-0,-0.784332536509307,4.91838897383512,-0
-0.170145389532486,4.6430006082862,-0,-0.784349593125105,4.91837358430203,-0
-0.170135461721761,4.64297997467789,-0,-0.784366523677574,4.91835824371227,-0
-0.170125609910243,4.64295949514335,-0,-0.784383341922981,4.91834293235031,-0
-0.170115826047903,4.64293917066962,-0,-0.784400069442538,4.91832763374752,-0
-0.170106114210361,4.64291899405113,-0,-0.784416714691928,4.91831234471144,-0
-0.170096493414412,4.64289896007643,-0,-0.784433302126399,4.91829706580514,-0
-0.170086965966126,4.6428790639521,-0,-0.784449866901983,4.91828179837843,-0
-0.170077523485592,4.64285929950537,-0,-0.78446642780413,4.91826655322314,-0
-0.170068154171688,4.64283964405408,-0,-0.784483007577306,4.9182513501476,-0
-0.170058838891683,4.6428200690619,-0,-0.78449964673874,4.91823621148304,-0
-0.170049566312346,4.64280055992076,-0,-0.784516365484346,4.91822114712687,-0
-0.170040321743234,4.64278110016569,-0,-0.784533143726272,4.91820613946678,-0
-0.170031074624118,4.642761661992,-0,-0.784549941498188,4.91819117493415,-0
-0.170021812034787,4.64274222818311,-0,-0.784566717673579,4.91817626055354,-0
-0.170012546745483,4.64272280001138,-0,-0.784583424056481,4.91816140180856,-0
-0.170003284315628,4.64270336916033,-0,-0.784600001703936,4.91814660022099,-0
-0.169994002859492,4.64268391162018,-0,-0.784616400008651,4.91813185266147,-0
-0.169984684470548,4.64266441907225,-0,-0.784632618035542,4.91811716107912,-0
-0.169975335545629,4.64264490751136,-0,-0.784648688384037,4.91810253763433,-0
-0.169965969719748,4.64262539851344,-0,-0.784664630749945,4.91808799563951,-0
-0.169956598578958,4.64260590882015,-0,-0.784680467095706,4.91807354600483,-0
-0.169947232279553,4.64258643880449,-0,-0.784696238244443,4.91805918614961,-0
-0.169937890407782,4.6425669852584,-0,-0.784711986455857,4.91804489846619,-0
-0.169928585316404,4.64254755957003,-0,-0.784727724683886,4.91803066586439,-0
-0.169919312128939,4.64252818627604,-0,-0.784743434066583,4.91801646900251,-0
-0.169910058002872,4.64250889760002,-0,-0.784759101813105,4.91800228401674,-0
-0.169900803859579,4.64248971478588,-0,-0.784774731225611,4.9179880999779,-0
-0.16989155005248,4.64247064499887,-0,-0.784790319835346,4.91797391456634,-0
-0.169882330965012,4.6424516908343,-0,-0.784805865664761,4.91795972779969,-0
-0.169873192075367,4.64243285708943,-0,-0.78482138121028,4.91794553481694,-0
-0.169864168517257,4.64241414795825,-0,-0.784836875800332,4.91793131565695,-0
-0.169855262605177,4.64239555512534,-0,-0.784852337209082,4.91791706410377,-0
-0.16984644227445,4.64237706404381,-0,-0.78486776011686,4.91790279373011,-0
-0.169837678850486,4.64235867250431,-0,-0.784883172636618,4.91788851192365,-0
-0.169828975792855,4.64234038404087,-0,-0.784898607151443,4.91787422960326,-0
-0.169820344306319,4.64232218706442,-0,-0.784914060408402,4.91785997333157,-0
-0.169811773818591,4.64230405884925,-0,-0.784929495376994,4.9178457711643,-0
-0.169803249101027,4.64228597406397,-0,-0.78494487877619,4.91783164147446,-0
-0.169794762823373,4.64226791272923,-0,-0.784960187587305,4.91781759602259,-0
-0.169786307656748,4.6422498677214,-0,-0.784975415849889,4.91780363578364,-0
-0.169777880104641,4.64223183350374,-0,-0.784990591937148,4.91778975538037,-0
-0.169769494652213,4.64221380666327,-0,-0.785005751112115,4.91777595412315,-0
-0.16976117970467,4.64219579549619,-0,-0.785020904278268,4.91776223243682,-0
-0.169752951638925,4.64217781523173,-0,-0.785036038296165,4.91774859124202,-0
-0.169744802733295,4.64215988446557,-0,-0.785051139383988,4.91773502420885,-0
-0.169736703533836,4.6421420140129,-0,-0.785066212034722,4.91772151635251,-0
-0.169728605198157,4.64212420227565,-0,-0.785081267853533,4.91770805243496,-0
-0.169720469900737,4.64210644845937,-0,-0.785096303101103,4.9176946174612,-0
-0.169712296572408,4.64208876069791,-0,-0.785111289253038,4.91768120572431,-0
-0.169704074265447,4.64207115481329,-0,-0.785126190045732,4.91766782626892,-0
-0.169695766524555,4.64205364719702,-0,-0.785140990211257,4.91765448378958,-0
-0.169687362490334,4.64203623999852,-0,-0.785155708577893,4.91764116377806,-0
-0.169678880306597,4.64201891583271,-0,-0.785170366761703,4.91762785317585,-0
-0.16967033740525,4.64200164991167,-0,-0.785184976977706,4.91761455131631,-0
-0.169661739944065,4.64198442925783,-0,-0.785199554238578,4.91760126142225,-0
-0.169653099531618,4.64196726438858,-0,-0.785214080053616,4.91758798080158,-0
-0.169644425842976,4.64195016690859,-0,-0.785228520668293,4.91757469094192,-0
-0.169635716398173,4.64193312743242,-0,-0.785242857489456,4.91756138138657,-0
-0.169626972345067,4.64191612973405,-0,-0.785257072810032,4.91754806040844,-0
-0.169618205999606,4.64189916586656,-0,-0.785271167796276,4.91753473822239,-0
-0.169609442137056,4.64188223017026,-0,-0.785285160470267,4.91752142941318,-0
-0.169600695336339,4.64186532132986,-0,-0.785299068362743,4.91750815075197,-0
-0.169591967101423,4.64184844541581,-0,-0.785312927753038,4.9174949070756,-0
-0.16958326726118,4.64183162276005,-0,-0.785326778616075,4.91748169785744,-0
-0.169574595872496,4.64181487116654,-0,-0.785340635108053,4.91746853886476,-0
-0.169565933947596,4.64179817261376,-0,-0.785354510456693,4.91745544817329,-0
-0.169557262563988,4.64178149922207,-0,-0.785368429997695,4.9174424264763,-0
-0.169548571094832,4.64176484883925,-0,-0.785382408061389,4.91742947252985,-0
-0.16953986609085,4.64174823158519,-0,-0.785396441557114,4.91741659351237,-0
-0.169531171468863,4.64173164924336,-0,-0.785410507285789,4.91740379751465,-0
-0.169522515743537,4.64171510218499,-0,-0.785424561602639,4.91739108953456,-0
-0.169513930704373,4.64169859284004,-0,-0.785438580056803,4.91737847293611,-0
-0.169505454244974,4.64168212645162,-0,-0.785452557435875,4.917365942455,-0
-0.169497101559957,4.64166570930181,-0,-0.785466490023206,4.91735349311093,-0
-0.169488856274918,4.6416493414885,-0,-0.785480388032949,4.91734112955218,-0
-0.169480698456267,4.64163302176588,-0,-0.785494267123718,4.91732884942553,-0
-0.169472606849084,4.64161675235683,-0,-0.78550812796127,4.9173166375713,-0
-0.169464568302813,4.64160053397479,-0,-0.785521961404024,4.91730447816938,-0
-0.169456589990543,4.64158437171545,-0,-0.785535774073266,4.91729235623403,-0
-0.169448683631795,4.64156828570466,-0,-0.785549574592046,4.91728025212431,-0
-0.169440850676672,4.64155228874129,-0,-0.785563367737408,4.91726814792471,-0
-0.169433073321682,4.64153637189239,-0,-0.785577166032109,4.91725603209522,-0
-0.169425331562592,4.64152052011138,-0,-0.78559098679699,4.91724390630705,-0
-0.169417616316733,4.64150472413342,-0,-0.785604836342611,4.91723178062308,-0
-0.169409898356197,4.64148897496084,-0,-0.785618692232882,4.91721965399273,-0
-0.169402138988687,4.6414732514439,-0,-0.785632523816362,4.91720752517386,-0
-0.169394335957549,4.64145753792333,-0,-0.785646311403837,4.91719540353067,-0
-0.169386500578515,4.64144183212779,-0,-0.785660048093564,4.91718330045759,-0
-0.169378633308254,4.64142612952329,-0,-0.785673729783925,4.9171712220084,-0
-0.16937074444499,4.64141042173005,-0,-0.785687349710852,4.91715917162706,-0
-0.169362854715254,4.64139469326034,-0,-0.785700909665642,4.91714714915189,-0
-0.169354983899863,4.6413789353878,-0,-0.785714426281178,4.91713513708073,-0
-0.169347140170764,4.64136315501009,-0,-0.785727924528132,4.91712311345793,-0
-0.169339324539356,4.64134735913342,-0,-0.785741409607155,4.9171110718053,-0
-0.169331542812433,4.64133155823503,-0,-0.785754852926953,4.91709902044965,-0
-0.169323797418559,4.64131576675163,-0,-0.785768228637131,4.9170869622383,-0
-0.169316074120722,4.641299995766,-0,-0.785781532931483,4.91707488925172,-0
-0.169308363732296,4.64128424926159,-0,-0.785794735733225,4.91706279199892,-0
-0.169300677173607,4.64126851973776,-0,-0.78580778102538,4.91705065912916,-0
-0.169293023401691,4.64125280292564,-0,-0.785820651485999,4.91703849191634,-0
-0.169285430966359,4.64123710610133,-0,-0.785833370009691,4.91702630350205,-0
-0.169277925701578,4.64122143708659,-0,-0.78584596094835,4.91701410978957,-0
-0.169270478474705,4.64120579417328,-0,-0.785858436167487,4.9170019326269,-0
-0.169263063035039,4.64119018173693,-0,-0.785870782847673,4.91698979665405,-0
-0.169255692197207,4.64117462048109,-0,-0.785882992079718,4.91697771926275,-0
-0.169248376970558,4.64115911812159,-0,-0.785895079259359,4.91696570758992,-0
-0.169241099986205,4.64114365974983,-0,-0.78590706025315,4.91695376165378,-0
-0.169233823337309,4.6411282245848,-0,-0.785918966702878,4.91694187604717,-0
-0.169226512850259,4.64111278840408,-0,-0.785930831641205,4.91693005015314,-0
-0.169219142326924,4.64109734438042,-0,-0.785942684093966,4.91691828427859,-0
-0.16921169174662,4.64108192285006,-0,-0.785954580384216,4.91690656530282,-0
-0.169204151447869,4.64106655694132,-0,-0.785966574226097,4.91689487863628,-0
